﻿<?xml version="1.0" encoding="utf-8"?>
<ImportExportXml version="9.2.21063.132" SolutionPackageVersion="9.2" languagecode="1033" generatedBy="CrmLive" xmlns:xsi="http://www.w3.org/2001/XMLSchema-instance">
  <SolutionManifest>
    <UniqueName>Dynamics365HigherEducationAcceleratorCanvasModel</UniqueName>
    <LocalizedNames>
      <LocalizedName description="Dynamics 365 Higher Education Accelerator Canvas Model Apps" languagecode="1033" />
    </LocalizedNames>
    <Descriptions />
    <Version>4.0.2.0</Version>
    <Managed>1</Managed>
    <Publisher>
      <UniqueName>educationacceleratorcommon</UniqueName>
      <LocalizedNames>
        <LocalizedName description="Dynamics 365 Education" languagecode="1033" />
      </LocalizedNames>
      <Descriptions>
        <Description description="Education Accelerator Common" languagecode="1033" />
      </Descriptions>
      <EMailAddress xsi:nil="true"></EMailAddress>
      <SupportingWebsiteUrl xsi:nil="true"></SupportingWebsiteUrl>
      <CustomizationPrefix>mshied</CustomizationPrefix>
      <CustomizationOptionValuePrefix>49428</CustomizationOptionValuePrefix>
      <Addresses>
        <Address>
          <AddressNumber>1</AddressNumber>
          <AddressTypeCode>1</AddressTypeCode>
          <City xsi:nil="true"></City>
          <County xsi:nil="true"></County>
          <Country xsi:nil="true"></Country>
          <Fax xsi:nil="true"></Fax>
          <FreightTermsCode xsi:nil="true"></FreightTermsCode>
          <ImportSequenceNumber xsi:nil="true"></ImportSequenceNumber>
          <Latitude xsi:nil="true"></Latitude>
          <Line1 xsi:nil="true"></Line1>
          <Line2 xsi:nil="true"></Line2>
          <Line3 xsi:nil="true"></Line3>
          <Longitude xsi:nil="true"></Longitude>
          <Name xsi:nil="true"></Name>
          <PostalCode xsi:nil="true"></PostalCode>
          <PostOfficeBox xsi:nil="true"></PostOfficeBox>
          <PrimaryContactName xsi:nil="true"></PrimaryContactName>
          <ShippingMethodCode>1</ShippingMethodCode>
          <StateOrProvince xsi:nil="true"></StateOrProvince>
          <Telephone1 xsi:nil="true"></Telephone1>
          <Telephone2 xsi:nil="true"></Telephone2>
          <Telephone3 xsi:nil="true"></Telephone3>
          <TimeZoneRuleVersionNumber xsi:nil="true"></TimeZoneRuleVersionNumber>
          <UPSZone xsi:nil="true"></UPSZone>
          <UTCOffset xsi:nil="true"></UTCOffset>
          <UTCConversionTimeZoneCode xsi:nil="true"></UTCConversionTimeZoneCode>
        </Address>
        <Address>
          <AddressNumber>2</AddressNumber>
          <AddressTypeCode>1</AddressTypeCode>
          <City xsi:nil="true"></City>
          <County xsi:nil="true"></County>
          <Country xsi:nil="true"></Country>
          <Fax xsi:nil="true"></Fax>
          <FreightTermsCode xsi:nil="true"></FreightTermsCode>
          <ImportSequenceNumber xsi:nil="true"></ImportSequenceNumber>
          <Latitude xsi:nil="true"></Latitude>
          <Line1 xsi:nil="true"></Line1>
          <Line2 xsi:nil="true"></Line2>
          <Line3 xsi:nil="true"></Line3>
          <Longitude xsi:nil="true"></Longitude>
          <Name xsi:nil="true"></Name>
          <PostalCode xsi:nil="true"></PostalCode>
          <PostOfficeBox xsi:nil="true"></PostOfficeBox>
          <PrimaryContactName xsi:nil="true"></PrimaryContactName>
          <ShippingMethodCode>1</ShippingMethodCode>
          <StateOrProvince xsi:nil="true"></StateOrProvince>
          <Telephone1 xsi:nil="true"></Telephone1>
          <Telephone2 xsi:nil="true"></Telephone2>
          <Telephone3 xsi:nil="true"></Telephone3>
          <TimeZoneRuleVersionNumber xsi:nil="true"></TimeZoneRuleVersionNumber>
          <UPSZone xsi:nil="true"></UPSZone>
          <UTCOffset xsi:nil="true"></UTCOffset>
          <UTCConversionTimeZoneCode xsi:nil="true"></UTCConversionTimeZoneCode>
        </Address>
      </Addresses>
    </Publisher>
    <RootComponents>
      <RootComponent type="29" id="{e9f358cc-4fe9-e911-a83a-000d3a1d5dcc}" behavior="0" />
      <RootComponent type="60" id="{3014578f-4606-ea11-a811-000d3a8c9f8b}" behavior="0" />
      <RootComponent type="61" schemaName="mshied_/welcomeScreen/hiedhubwelcomepage.html" behavior="0" />
      <RootComponent type="80" schemaName="mshied_HigherEd" behavior="0" />
    </RootComponents>
    <MissingDependencies>
      <MissingDependency>
        <Required type="1" schemaName="mshied_academicperiod" displayName="Academic Period" solution="EducationAcceleratorCommon (3.2.1.3)" />
        <Dependent type="80" schemaName="mshied_HigherEd" displayName="Higher Ed" />
      </MissingDependency>
      <MissingDependency>
        <Required type="1" schemaName="mshied_academicperioddetails" displayName="Academic Period Detail" solution="EducationAcceleratorCommon (3.2.1.3)" />
        <Dependent type="60" displayName="Faculty Dashboard" id="{3014578f-4606-ea11-a811-000d3a8c9f8b}" />
      </MissingDependency>
      <MissingDependency>
        <Required type="1" schemaName="mshied_academicperioddetails" displayName="Academic Period Detail" solution="EducationAcceleratorCommon (3.2.1.3)" />
        <Dependent type="80" schemaName="mshied_HigherEd" displayName="Higher Ed" />
      </MissingDependency>
      <MissingDependency>
        <Required type="1" schemaName="mshied_areaofinterest" displayName="Area of Interest" solution="EducationAcceleratorCommon (3.2.1.3)" />
        <Dependent type="80" schemaName="mshied_HigherEd" displayName="Higher Ed" />
      </MissingDependency>
      <MissingDependency>
        <Required type="1" schemaName="mshied_areaofstudy" displayName="Area of Study" solution="EducationAcceleratorCommon (3.2.1.3)" />
        <Dependent type="80" schemaName="mshied_HigherEd" displayName="Higher Ed" />
      </MissingDependency>
      <MissingDependency>
        <Required type="1" schemaName="mshied_course" displayName="Course" solution="EducationAcceleratorCommon (3.2.1.3)" />
        <Dependent type="80" schemaName="mshied_HigherEd" displayName="Higher Ed" />
      </MissingDependency>
      <MissingDependency>
        <Required type="1" schemaName="mshied_coursehistory" displayName="Course History" solution="EducationAcceleratorCommon (3.2.1.3)" />
        <Dependent type="80" schemaName="mshied_HigherEd" displayName="Higher Ed" />
      </MissingDependency>
      <MissingDependency>
        <Required type="1" schemaName="mshied_coursesection" displayName="Course Section" solution="EducationAcceleratorCommon (3.2.1.3)" />
        <Dependent type="80" schemaName="mshied_HigherEd" displayName="Higher Ed" />
      </MissingDependency>
      <MissingDependency>
        <Required type="1" schemaName="mshied_educationlevel" displayName="Education Level" solution="EducationAcceleratorCommon (3.2.1.3)" />
        <Dependent type="80" schemaName="mshied_HigherEd" displayName="Higher Ed" />
      </MissingDependency>
      <MissingDependency>
        <Required type="1" schemaName="mshied_extracurricularactivities" displayName="Extra Curricular Activity" solution="EducationAcceleratorCommon (3.2.1.3)" />
        <Dependent type="80" schemaName="mshied_HigherEd" displayName="Higher Ed" />
      </MissingDependency>
      <MissingDependency>
        <Required type="1" schemaName="mshied_extracurricularparticipant" displayName="Extra Curricular Participant" solution="EducationAcceleratorCommon (3.2.1.3)" />
        <Dependent type="80" schemaName="mshied_HigherEd" displayName="Higher Ed" />
      </MissingDependency>
      <MissingDependency>
        <Required type="1" schemaName="mshied_grant" displayName="Grant" solution="Dynamics365HigherEducationAccelerator (3.2.1.0)" />
        <Dependent type="80" schemaName="mshied_HigherEd" displayName="Higher Ed" />
      </MissingDependency>
      <MissingDependency>
        <Required type="1" schemaName="mshied_grantapplicant" displayName="Grant Applicant" solution="Dynamics365HigherEducationAccelerator (3.2.1.0)" />
        <Dependent type="80" schemaName="mshied_HigherEd" displayName="Higher Ed" />
      </MissingDependency>
      <MissingDependency>
        <Required type="1" schemaName="mshied_internship" displayName="Internship" solution="EducationAcceleratorCommon (3.2.1.3)" />
        <Dependent type="80" schemaName="mshied_HigherEd" displayName="Higher Ed" />
      </MissingDependency>
      <MissingDependency>
        <Required type="1" schemaName="mshied_internshipapplicant" displayName="Internship Applicant" solution="EducationAcceleratorCommon (3.2.1.3)" />
        <Dependent type="80" schemaName="mshied_HigherEd" displayName="Higher Ed" />
      </MissingDependency>
      <MissingDependency>
        <Required type="1" schemaName="mshied_previouseducation" displayName="Previous Education" solution="EducationAcceleratorCommon (3.2.1.3)" />
        <Dependent type="80" schemaName="mshied_HigherEd" displayName="Higher Ed" />
      </MissingDependency>
      <MissingDependency>
        <Required type="1" schemaName="mshied_program" displayName="Program" solution="EducationAcceleratorCommon (3.2.1.3)" />
        <Dependent type="60" displayName="Faculty Dashboard" id="{3014578f-4606-ea11-a811-000d3a8c9f8b}" />
      </MissingDependency>
      <MissingDependency>
        <Required type="1" schemaName="mshied_program" displayName="Program" solution="EducationAcceleratorCommon (3.2.1.3)" />
        <Dependent type="80" schemaName="mshied_HigherEd" displayName="Higher Ed" />
      </MissingDependency>
      <MissingDependency>
        <Required type="1" schemaName="mshied_programlevel" displayName="Program Level" solution="EducationAcceleratorCommon (3.2.1.3)" />
        <Dependent type="80" schemaName="mshied_HigherEd" displayName="Higher Ed" />
      </MissingDependency>
      <MissingDependency>
        <Required type="1" schemaName="mshied_programrequirement" displayName="Program Requirement" solution="EducationAcceleratorCommon (3.2.1.3)" />
        <Dependent type="80" schemaName="mshied_HigherEd" displayName="Higher Ed" />
      </MissingDependency>
      <MissingDependency>
        <Required type="1" schemaName="mshied_programversion" displayName="Program Version" solution="Dynamics365HigherEducationAccelerator (3.2.1.0)" />
        <Dependent type="80" schemaName="mshied_HigherEd" displayName="Higher Ed" />
      </MissingDependency>
      <MissingDependency>
        <Required type="1" schemaName="mshied_programversiondetail" displayName="Program Version Detail" solution="Dynamics365HigherEducationAccelerator (3.2.1.0)" />
        <Dependent type="80" schemaName="mshied_HigherEd" displayName="Higher Ed" />
      </MissingDependency>
      <MissingDependency>
        <Required type="1" schemaName="mshied_registrationstatus" displayName="Registration Status" solution="EducationAcceleratorCommon (3.2.1.3)" />
        <Dependent type="80" schemaName="mshied_HigherEd" displayName="Higher Ed" />
      </MissingDependency>
      <MissingDependency>
        <Required type="1" schemaName="mshied_scholarship" displayName="Scholarship" solution="EducationAcceleratorCommon (3.2.1.3)" />
        <Dependent type="80" schemaName="mshied_HigherEd" displayName="Higher Ed" />
      </MissingDependency>
      <MissingDependency>
        <Required type="1" schemaName="mshied_scholarshipapplicant" displayName="Scholarship Applicant" solution="EducationAcceleratorCommon (3.2.1.3)" />
        <Dependent type="80" schemaName="mshied_HigherEd" displayName="Higher Ed" />
      </MissingDependency>
      <MissingDependency>
        <Required type="1" schemaName="mshied_studentprogramtype" displayName="Student Program Type" solution="EducationAcceleratorCommon (3.2.1.3)" />
        <Dependent type="80" schemaName="mshied_HigherEd" displayName="Higher Ed" />
      </MissingDependency>
      <MissingDependency>
        <Required type="1" schemaName="mshied_studentresource" displayName="Student Resource" solution="EducationAcceleratorCommon (3.2.1.3)" />
        <Dependent type="80" schemaName="mshied_HigherEd" displayName="Higher Ed" />
      </MissingDependency>
      <MissingDependency>
        <Required type="1" schemaName="mshied_studentstatus" displayName="Student Status" solution="EducationAcceleratorCommon (3.2.1.3)" />
        <Dependent type="80" schemaName="mshied_HigherEd" displayName="Higher Ed" />
      </MissingDependency>
      <MissingDependency>
        <Required type="1" schemaName="mshied_testscore" displayName="Test Score" solution="EducationAcceleratorCommon (3.2.1.3)" />
        <Dependent type="80" schemaName="mshied_HigherEd" displayName="Higher Ed" />
      </MissingDependency>
      <MissingDependency>
        <Required type="1" schemaName="mshied_testtype" displayName="Test Type" solution="EducationAcceleratorCommon (3.2.1.3)" />
        <Dependent type="80" schemaName="mshied_HigherEd" displayName="Higher Ed" />
      </MissingDependency>
      <MissingDependency>
        <Required type="26" schemaName="Assignment Extensions" displayName="Assignment Extensions" parentSchemaName="task" parentDisplayName="Task" solution="EducationAcceleratorCommon (3.2.1.3)" id="{2c6f5e3a-4306-ea11-a811-000d3a3b3466}" />
        <Dependent type="60" displayName="Faculty Dashboard" id="{3014578f-4606-ea11-a811-000d3a8c9f8b}" />
      </MissingDependency>
      <MissingDependency>
        <Required type="26" schemaName="Active Academic Period Details" displayName="Active Academic Period Details" parentSchemaName="mshied_academicperioddetails" parentDisplayName="Academic Period Detail" solution="EducationAcceleratorCommon (3.2.1.3)" id="{92108403-8040-4be3-af5e-f051886f46a2}" />
        <Dependent type="60" displayName="Faculty Dashboard" id="{3014578f-4606-ea11-a811-000d3a8c9f8b}" />
      </MissingDependency>
      <MissingDependency>
        <Required type="26" schemaName="Active Programs" displayName="Active Programs" parentSchemaName="mshied_program" parentDisplayName="Program" solution="EducationAcceleratorCommon (3.2.1.3)" id="{b045741d-cbe2-4848-aaf3-562ac83fdc9c}" />
        <Dependent type="60" displayName="Faculty Dashboard" id="{3014578f-4606-ea11-a811-000d3a8c9f8b}" />
      </MissingDependency>
      <MissingDependency>
        <Required type="59" schemaName="Athetes vs Non Athletes" displayName="Athetes vs Non Athletes" parentSchemaName="mshied_academicperioddetails" parentDisplayName="Academic Period Detail" solution="EducationAcceleratorCommon (3.2.1.3)" id="{335faeed-26ce-e811-a967-000d3a1c53e4}" />
        <Dependent type="60" displayName="Faculty Dashboard" id="{3014578f-4606-ea11-a811-000d3a8c9f8b}" />
      </MissingDependency>
      <MissingDependency>
        <Required type="59" schemaName="Working Students" displayName="Working Students" parentSchemaName="mshied_academicperioddetails" parentDisplayName="Academic Period Detail" solution="EducationAcceleratorCommon (3.2.1.3)" id="{56428603-27ce-e811-a967-000d3a1c53e4}" />
        <Dependent type="60" displayName="Faculty Dashboard" id="{3014578f-4606-ea11-a811-000d3a8c9f8b}" />
      </MissingDependency>
      <MissingDependency>
        <Required type="60" displayName="Student Information" solution="EducationAcceleratorCommon (3.2.1.3)" id="{10a86981-28ce-e811-a967-000d3a1c53e4}" />
        <Dependent type="80" schemaName="mshied_HigherEd" displayName="Higher Ed" />
      </MissingDependency>
      <MissingDependency>
        <Required type="60" displayName="Higher Education Program Form" parentDisplayName="Program" solution="EducationAcceleratorCommon (3.2.1.3)" id="{5600d25a-db90-4213-afec-1d74b5a0c7fe}" />
        <Dependent type="80" schemaName="mshied_HigherEd" displayName="Higher Ed" />
      </MissingDependency>
      <MissingDependency>
        <Required type="60" displayName="Higher Education Course Form" parentDisplayName="Course" solution="EducationAcceleratorCommon (3.2.1.3)" id="{5833d3bf-c38d-419e-8156-a16fe681abe2}" />
        <Dependent type="80" schemaName="mshied_HigherEd" displayName="Higher Ed" />
      </MissingDependency>
      <MissingDependency>
        <Required type="60" displayName="Advisor Dashboard" solution="Dynamics365HigherEducationAccelerator (3.2.1.0)" id="{738cf670-1ffc-ea11-a815-0022480822ca}" />
        <Dependent type="80" schemaName="mshied_HigherEd" displayName="Higher Ed" />
      </MissingDependency>
      <MissingDependency>
        <Required type="60" displayName="Higher Education Area of Interest Form" parentDisplayName="Area of Interest" solution="EducationAcceleratorCommon (3.2.1.3)" id="{78b71c30-ae51-4603-8549-46a7cb655e01}" />
        <Dependent type="80" schemaName="mshied_HigherEd" displayName="Higher Ed" />
      </MissingDependency>
      <MissingDependency>
        <Required type="60" displayName="Higher Education Faculty Form" parentDisplayName="Contact" solution="EducationAcceleratorCommon (3.2.1.3)" id="{94eb6fcd-3aa2-4b1f-9eea-f23da74df76f}" />
        <Dependent type="80" schemaName="mshied_HigherEd" displayName="Higher Ed" />
      </MissingDependency>
      <MissingDependency>
        <Required type="60" displayName="Student Success Path" parentDisplayName="Contact" solution="Dynamics365HigherEducationAccelerator (3.2.1.0)" id="{be82e057-55b7-4789-886a-5a9dda7e349c}" />
        <Dependent type="80" schemaName="mshied_HigherEd" displayName="Higher Ed" />
      </MissingDependency>
      <MissingDependency>
        <Required type="60" displayName="Information" parentDisplayName="Grant Applicant" solution="Dynamics365HigherEducationAccelerator (3.2.1.0)" id="{befb0ac7-1eb9-44c9-bdfc-de9718e66b71}" />
        <Dependent type="80" schemaName="mshied_HigherEd" displayName="Higher Ed" />
      </MissingDependency>
      <MissingDependency>
        <Required type="60" displayName="Higher Education Account Form" parentDisplayName="Account" solution="EducationAcceleratorCommon (3.2.1.3)" id="{d3ee6982-e236-4ec4-922a-48105dc85838}" />
        <Dependent type="80" schemaName="mshied_HigherEd" displayName="Higher Ed" />
      </MissingDependency>
      <MissingDependency>
        <Required type="60" displayName="Higher Education Student Form" parentDisplayName="Contact" solution="EducationAcceleratorCommon (3.2.1.3)" id="{dc419af9-8994-4f86-91db-8d0169c0ad4e}" />
        <Dependent type="80" schemaName="mshied_HigherEd" displayName="Higher Ed" />
      </MissingDependency>
      <MissingDependency>
        <Required type="60" displayName="Business Partner Dashboard" solution="EducationAcceleratorCommon (3.2.1.3)" id="{ed828b48-04df-e911-a968-000d3a3b9825}" />
        <Dependent type="80" schemaName="mshied_HigherEd" displayName="Higher Ed" />
      </MissingDependency>
      <MissingDependency>
        <Required type="60" displayName="Higher Education Address Form" parentDisplayName="Address" solution="EducationAcceleratorCommon (3.2.1.3)" id="{ef140875-b7e7-4469-809c-5f4ab700b1d1}" />
        <Dependent type="80" schemaName="mshied_HigherEd" displayName="Higher Ed" />
      </MissingDependency>
      <MissingDependency>
        <Required type="60" displayName="Higher Education Extra Curricular Activity Form" parentDisplayName="Extra Curricular Activity" solution="EducationAcceleratorCommon (3.2.1.3)" id="{f2255de0-9cc7-488f-912b-42ee8dd6c167}" />
        <Dependent type="80" schemaName="mshied_HigherEd" displayName="Higher Ed" />
      </MissingDependency>
      <MissingDependency>
        <Required type="61" schemaName="msdyn_/Images/AppModule_Default_Icon.png" displayName="msdyn_/Images/AppModule_Default_Icon.png" solution="AppModuleWebResources (2.5)" />
        <Dependent type="80" schemaName="mshied_HigherEd" displayName="Higher Ed" />
      </MissingDependency>
      <MissingDependency>
        <Required type="62" schemaName="mshied_HigherEd" solution="EducationAcceleratorCommon (3.2.1.3)" />
        <Dependent type="80" schemaName="mshied_HigherEd" displayName="Higher Ed" />
      </MissingDependency>
    </MissingDependencies>
  </SolutionManifest>
</ImportExportXml>