{
  "properties": {
    "connectionReferences": {
      "shared_commondataserviceforapps_1": {
        "runtimeSource": "embedded",
        "connection": {
          "connectionReferenceLogicalName": "mshied_sharedcommondataserviceforapps_9470b"
        },
        "api": {
          "name": "shared_commondataserviceforapps"
        }
      }
    },
    "definition": {
      "$schema": "https://schema.management.azure.com/providers/Microsoft.Logic/schemas/2016-06-01/workflowdefinition.json#",
      "contentVersion": "1.0.0.0",
      "parameters": {
        "$connections": {
          "defaultValue": {},
          "type": "Object"
        },
        "$authentication": {
          "defaultValue": {},
          "type": "SecureObject"
        }
      },
      "triggers": {
        "When_a_row_is_added,_modified_or_deleted": {
          "metadata": {
            "operationMetadataId": "aaa5704b-33e7-4e5d-aed7-9fd5a090d4fb"
          },
          "type": "OpenApiConnectionWebhook",
          "inputs": {
            "host": {
              "connectionName": "shared_commondataserviceforapps_1",
              "operationId": "SubscribeWebhookTrigger",
              "apiId": "/providers/Microsoft.PowerApps/apis/shared_commondataserviceforapps"
            },
            "parameters": {
              "subscriptionRequest/message": 1,
              "subscriptionRequest/entityname": "mshied_schoolcalendar",
              "subscriptionRequest/scope": 4
            },
            "authentication": "@parameters('$authentication')"
          }
        }
      },
      "actions": {
        "Initialize_variable_CreateRecord": {
          "runAfter": {},
          "metadata": {
            "operationMetadataId": "7310bd9f-1d9c-4c51-9b5e-3262640605a2"
          },
          "type": "InitializeVariable",
          "inputs": {
            "variables": [
              {
                "name": "CreateRecord",
                "type": "boolean",
                "value": true
              }
            ]
          }
        },
        "Initialize_variable_IncrementValue": {
          "runAfter": {
            "Initialize_variable_CreateRecord": [
              "Succeeded"
            ]
          },
          "metadata": {
            "operationMetadataId": "a6007ecc-5ac1-44b1-a403-d61d3aaf9db2"
          },
          "type": "InitializeVariable",
          "inputs": {
            "variables": [
              {
                "name": "IncrementValue",
                "type": "integer",
                "value": 0
              }
            ]
          }
        },
        "Get_School_Calendars": {
          "runAfter": {
            "Initialize_variable_IncrementValue": [
              "Succeeded"
            ]
          },
          "metadata": {
            "operationMetadataId": "a4038aef-1f9c-469d-8f63-b58596bcf010"
          },
          "type": "OpenApiConnection",
          "inputs": {
            "host": {
              "connectionName": "shared_commondataserviceforapps_1",
              "operationId": "GetItem",
              "apiId": "/providers/Microsoft.PowerApps/apis/shared_commondataserviceforapps"
            },
            "parameters": {
              "entityName": "mshied_schoolcalendars",
              "recordId": "@triggerOutputs()?['body/mshied_schoolcalendarid']"
            },
            "authentication": "@parameters('$authentication')"
          }
        },
        "Get_Academic_Period": {
          "runAfter": {
            "Get_School_Calendars": [
              "Succeeded"
            ]
          },
          "metadata": {
            "operationMetadataId": "82a9f464-34d3-4531-83f7-14f77ce00638"
          },
          "type": "OpenApiConnection",
          "inputs": {
            "host": {
              "connectionName": "shared_commondataserviceforapps_1",
              "operationId": "GetItem",
              "apiId": "/providers/Microsoft.PowerApps/apis/shared_commondataserviceforapps"
            },
            "parameters": {
              "entityName": "mshied_academicperiods",
              "recordId": "@outputs('Get_School_Calendars')?['body/_mshied_academicperiod_value']"
            },
            "authentication": "@parameters('$authentication')"
          }
        },
        "EndDate_is_greater_than_equal_to_StartDate": {
          "actions": {
            "Do_until": {
              "actions": {
                "Get_StartDate": {
                  "runAfter": {},
                  "metadata": {
                    "operationMetadataId": "4de20e05-d0fe-4118-bc2a-12833d8ae62e"
                  },
                  "type": "Compose",
                  "inputs": "@addDays(formatDateTime(outputs('Get_Academic_Period')?['body/mshied_startdate'],'MM-dd-yyyy'),variables('IncrementValue'))"
                },
                "Get_Day_Of_Week": {
                  "runAfter": {
                    "Get_StartDate": [
                      "Succeeded"
                    ]
                  },
                  "metadata": {
                    "operationMetadataId": "3ccc3803-f44d-4bd1-93a5-3229f6580520"
                  },
                  "type": "Compose",
                  "inputs": "@dayOfWeek(outputs('Get_StartDate'))"
                },
                "Day_Of_Week_greater_than_1_and_Less_than_5": {
                  "actions": {
                    "Add_School_day": {
                      "runAfter": {},
                      "metadata": {
                        "operationMetadataId": "0394159d-1738-4e81-bf6e-28e8712fe1b5"
                      },
                      "type": "OpenApiConnection",
                      "inputs": {
                        "host": {
                          "connectionName": "shared_commondataserviceforapps_1",
                          "operationId": "CreateRecord",
                          "apiId": "/providers/Microsoft.PowerApps/apis/shared_commondataserviceforapps"
                        },
                        "parameters": {
                          "entityName": "mshied_schoolcalendardates",
                          "item/mshied_Calendar@odata.bind": "/mshied_schoolcalendars(@{outputs('Get_School_Calendars')?['body/mshied_schoolcalendarid']})",
                          "item/mshied_calendardatetype": 494280000,
                          "item/mshied_enddatetime": "@addHours(addMinutes(addDays(formatDateTime(outputs('Get_Academic_Period')?['body/mshied_startdate'], 'MM-dd-yyyy'), variables('IncrementValue')), 59), 23)",
                          "item/mshied_name": "@concat(formatDateTime(addDays(outputs('Get_Academic_Period')?['body/mshied_startdate'], variables('IncrementValue')), 'yyyy-MM-dd'), '-', outputs('Get_School_Calendars')?['body/mshied_name'])",
                          "item/mshied_startdatetime": "@addMinutes(addDays(formatDateTime(outputs('Get_Academic_Period')?['body/mshied_startdate'], 'MM-dd-yyyy'), variables('IncrementValue')), 1)"
                        },
                        "authentication": "@parameters('$authentication')"
                      }
                    }
                  },
                  "runAfter": {
                    "Get_Day_Of_Week": [
                      "Succeeded"
                    ]
                  },
                  "else": {
                    "actions": {
                      "Add_Weekend": {
                        "runAfter": {},
                        "metadata": {
                          "operationMetadataId": "d80b9895-e138-425c-8297-0609963b1985"
                        },
                        "type": "OpenApiConnection",
                        "inputs": {
                          "host": {
                            "connectionName": "shared_commondataserviceforapps_1",
                            "operationId": "CreateRecord",
                            "apiId": "/providers/Microsoft.PowerApps/apis/shared_commondataserviceforapps"
                          },
                          "parameters": {
                            "entityName": "mshied_schoolcalendardates",
                            "item/mshied_Calendar@odata.bind": "/mshied_schoolcalendars(@{outputs('Get_School_Calendars')?['body/mshied_schoolcalendarid']})",
                            "item/mshied_calendardatetype": 494280001,
                            "item/mshied_enddatetime": "@addHours(addMinutes(addDays(formatDateTime(outputs('Get_Academic_Period')?['body/mshied_startdate'], 'MM-dd-yyyy'), variables('IncrementValue')), 59), 23)",
                            "item/mshied_name": "@concat(formatDateTime(addDays(outputs('Get_Academic_Period')?['body/mshied_startdate'], variables('IncrementValue')), 'yyyy-MM-dd'), '-', outputs('Get_School_Calendars')?['body/mshied_name'])",
                            "item/mshied_startdatetime": "@addMinutes(addDays(formatDateTime(outputs('Get_Academic_Period')?['body/mshied_startdate'], 'MM-dd-yyyy'), variables('IncrementValue')), 1)"
                          },
                          "authentication": "@parameters('$authentication')"
                        }
                      }
                    }
                  },
                  "expression": {
                    "and": [
                      {
                        "greaterOrEquals": [
                          "@outputs('Get_Day_Of_Week')",
                          1
                        ]
                      },
                      {
                        "lessOrEquals": [
                          "@outputs('Get_Day_Of_Week')",
                          5
                        ]
                      }
                    ]
                  },
                  "metadata": {
                    "operationMetadataId": "5b1dc2c1-6831-41ff-9d8b-61122fb8eaf2"
                  },
                  "type": "If"
                },
                "Increment_variable": {
                  "runAfter": {
                    "Day_Of_Week_greater_than_1_and_Less_than_5": [
                      "Succeeded"
                    ]
                  },
                  "metadata": {
                    "operationMetadataId": "ab24e2f6-5541-44ce-92ec-05cfa5bc86ca"
                  },
                  "type": "IncrementVariable",
                  "inputs": {
                    "name": "IncrementValue",
                    "value": 1
                  }
                },
                "StartDate_is_less_than_or_equal_to_EndDate": {
                  "actions": {
                    "Set_variable_true": {
                      "runAfter": {},
                      "metadata": {
                        "operationMetadataId": "7f631ee3-4d7b-4756-85bf-fe31b88f8788"
                      },
                      "type": "SetVariable",
                      "inputs": {
                        "name": "CreateRecord",
                        "value": true
                      }
                    }
                  },
                  "runAfter": {
                    "Increment_variable": [
                      "Succeeded"
                    ]
                  },
                  "else": {
                    "actions": {
                      "Set_variable_false": {
                        "runAfter": {},
                        "metadata": {
                          "operationMetadataId": "9e906456-b991-459d-8feb-10107af038c8"
                        },
                        "type": "SetVariable",
                        "inputs": {
                          "name": "CreateRecord",
                          "value": false
                        }
                      }
                    }
                  },
                  "expression": {
                    "lessOrEquals": [
                      "@addDays(formatDateTime(outputs('Get_Academic_Period')?['body/mshied_startdate'],'MM-dd-yyyy'),variables('IncrementValue'))",
                      "@outputs('Get_Academic_Period')?['body/mshied_enddate']"
                    ]
                  },
                  "metadata": {
                    "operationMetadataId": "272e672c-c624-47b6-aa61-62bb860b6324"
                  },
                  "type": "If"
                }
              },
              "runAfter": {},
              "expression": "@equals(variables('CreateRecord'), false)",
              "limit": {
                "count": 365,
                "timeout": "PT1H"
              },
              "metadata": {
                "operationMetadataId": "94222c15-55de-47f3-be40-c63f9cf4fb8b"
              },
              "type": "Until"
            }
          },
          "runAfter": {
            "Get_Academic_Period": [
              "Succeeded"
            ]
          },
          "expression": {
            "greaterOrEquals": [
              "@outputs('Get_Academic_Period')?['body/mshied_enddate']",
              "@outputs('Get_Academic_Period')?['body/mshied_startdate']"
            ]
          },
          "metadata": {
            "operationMetadataId": "dc38fe96-1402-4b14-9c12-76728b1a23c3"
          },
          "type": "If"
        }
      }
    }
  },
  "schemaVersion": "1.0.0.0"
}