﻿<?xml version="1.0" encoding="utf-8"?>
<ImportExportXml version="9.2.21103.140" SolutionPackageVersion="9.2" languagecode="1033" generatedBy="CrmLive" xmlns:xsi="http://www.w3.org/2001/XMLSchema-instance">
  <SolutionManifest>
    <UniqueName>EducationK12ModelApps_Staging</UniqueName>
    <LocalizedNames>
      <LocalizedName description="Education K12 Model Apps Staging" languagecode="1033" />
    </LocalizedNames>
    <Descriptions>
      <Description description="Education K12 Model Apps Staging" languagecode="1033" />
    </Descriptions>
    <Version>4.0.2.0</Version>
    <Managed>1</Managed>
    <Publisher>
      <UniqueName>educationacceleratorcommon</UniqueName>
      <LocalizedNames>
        <LocalizedName description="Dynamics 365 Education" languagecode="1033" />
      </LocalizedNames>
      <Descriptions>
        <Description description="Education Accelerator Common" languagecode="1033" />
      </Descriptions>
      <EMailAddress xsi:nil="true"></EMailAddress>
      <SupportingWebsiteUrl xsi:nil="true"></SupportingWebsiteUrl>
      <CustomizationPrefix>mshied</CustomizationPrefix>
      <CustomizationOptionValuePrefix>49428</CustomizationOptionValuePrefix>
      <Addresses>
        <Address>
          <AddressNumber>1</AddressNumber>
          <AddressTypeCode>1</AddressTypeCode>
          <City xsi:nil="true"></City>
          <County xsi:nil="true"></County>
          <Country xsi:nil="true"></Country>
          <Fax xsi:nil="true"></Fax>
          <FreightTermsCode xsi:nil="true"></FreightTermsCode>
          <ImportSequenceNumber xsi:nil="true"></ImportSequenceNumber>
          <Latitude xsi:nil="true"></Latitude>
          <Line1 xsi:nil="true"></Line1>
          <Line2 xsi:nil="true"></Line2>
          <Line3 xsi:nil="true"></Line3>
          <Longitude xsi:nil="true"></Longitude>
          <Name xsi:nil="true"></Name>
          <PostalCode xsi:nil="true"></PostalCode>
          <PostOfficeBox xsi:nil="true"></PostOfficeBox>
          <PrimaryContactName xsi:nil="true"></PrimaryContactName>
          <ShippingMethodCode>1</ShippingMethodCode>
          <StateOrProvince xsi:nil="true"></StateOrProvince>
          <Telephone1 xsi:nil="true"></Telephone1>
          <Telephone2 xsi:nil="true"></Telephone2>
          <Telephone3 xsi:nil="true"></Telephone3>
          <TimeZoneRuleVersionNumber xsi:nil="true"></TimeZoneRuleVersionNumber>
          <UPSZone xsi:nil="true"></UPSZone>
          <UTCOffset xsi:nil="true"></UTCOffset>
          <UTCConversionTimeZoneCode xsi:nil="true"></UTCConversionTimeZoneCode>
        </Address>
        <Address>
          <AddressNumber>2</AddressNumber>
          <AddressTypeCode>1</AddressTypeCode>
          <City xsi:nil="true"></City>
          <County xsi:nil="true"></County>
          <Country xsi:nil="true"></Country>
          <Fax xsi:nil="true"></Fax>
          <FreightTermsCode xsi:nil="true"></FreightTermsCode>
          <ImportSequenceNumber xsi:nil="true"></ImportSequenceNumber>
          <Latitude xsi:nil="true"></Latitude>
          <Line1 xsi:nil="true"></Line1>
          <Line2 xsi:nil="true"></Line2>
          <Line3 xsi:nil="true"></Line3>
          <Longitude xsi:nil="true"></Longitude>
          <Name xsi:nil="true"></Name>
          <PostalCode xsi:nil="true"></PostalCode>
          <PostOfficeBox xsi:nil="true"></PostOfficeBox>
          <PrimaryContactName xsi:nil="true"></PrimaryContactName>
          <ShippingMethodCode>1</ShippingMethodCode>
          <StateOrProvince xsi:nil="true"></StateOrProvince>
          <Telephone1 xsi:nil="true"></Telephone1>
          <Telephone2 xsi:nil="true"></Telephone2>
          <Telephone3 xsi:nil="true"></Telephone3>
          <TimeZoneRuleVersionNumber xsi:nil="true"></TimeZoneRuleVersionNumber>
          <UPSZone xsi:nil="true"></UPSZone>
          <UTCOffset xsi:nil="true"></UTCOffset>
          <UTCConversionTimeZoneCode xsi:nil="true"></UTCConversionTimeZoneCode>
        </Address>
      </Addresses>
    </Publisher>
    <RootComponents>
      <RootComponent type="61" schemaName="mshied_K12AppIcon" behavior="0" />
      <RootComponent type="62" schemaName="mshied_K12Education" behavior="0" />
      <RootComponent type="80" schemaName="mshied_K12Education" behavior="0" />
    </RootComponents>
    <MissingDependencies>
      <MissingDependency>
        <Required type="1" schemaName="mshied_academicperiod" displayName="Academic Period" solution="EducationAcceleratorCommon (3.2.3.10)" />
        <Dependent type="62" schemaName="mshied_K12Education" />
      </MissingDependency>
      <MissingDependency>
        <Required type="1" schemaName="mshied_academicperiod" displayName="Academic Period" solution="EducationAcceleratorCommon (3.2.3.10)" />
        <Dependent type="80" schemaName="mshied_K12Education" displayName="K12 Education" />
      </MissingDependency>
      <MissingDependency>
        <Required type="1" schemaName="mshied_accomplishments" displayName="Accomplishments" solution="EducationAcceleratorCommon (3.2.3.10)" />
        <Dependent type="62" schemaName="mshied_K12Education" />
      </MissingDependency>
      <MissingDependency>
        <Required type="1" schemaName="mshied_assessment" displayName="Assessment" solution="EducationAcceleratorK12 (3.2.3.10)" />
        <Dependent type="62" schemaName="mshied_K12Education" />
      </MissingDependency>
      <MissingDependency>
        <Required type="1" schemaName="mshied_assessment" displayName="Assessment" solution="EducationAcceleratorK12 (3.2.3.10)" />
        <Dependent type="80" schemaName="mshied_K12Education" displayName="K12 Education" />
      </MissingDependency>
      <MissingDependency>
        <Required type="1" schemaName="mshied_assessmentdelivery" displayName="Assessment Delivery" solution="EducationAcceleratorK12 (3.2.3.10)" />
        <Dependent type="80" schemaName="mshied_K12Education" displayName="K12 Education" />
      </MissingDependency>
      <MissingDependency>
        <Required type="1" schemaName="mshied_assessmentitem" displayName="Assessment Item" solution="EducationAcceleratorK12 (3.2.3.10)" />
        <Dependent type="62" schemaName="mshied_K12Education" />
      </MissingDependency>
      <MissingDependency>
        <Required type="1" schemaName="mshied_assessmentitem" displayName="Assessment Item" solution="EducationAcceleratorK12 (3.2.3.10)" />
        <Dependent type="80" schemaName="mshied_K12Education" displayName="K12 Education" />
      </MissingDependency>
      <MissingDependency>
        <Required type="1" schemaName="mshied_assessmentscore" displayName="Assessment Score" solution="EducationAcceleratorK12 (3.2.3.10)" />
        <Dependent type="62" schemaName="mshied_K12Education" />
      </MissingDependency>
      <MissingDependency>
        <Required type="1" schemaName="mshied_attendance" displayName="Attendance" solution="EducationAcceleratorK12 (3.2.3.10)" />
        <Dependent type="62" schemaName="mshied_K12Education" />
      </MissingDependency>
      <MissingDependency>
        <Required type="1" schemaName="mshied_attendance" displayName="Attendance" solution="EducationAcceleratorK12 (3.2.3.10)" />
        <Dependent type="80" schemaName="mshied_K12Education" displayName="K12 Education" />
      </MissingDependency>
      <MissingDependency>
        <Required type="1" schemaName="mshied_behaviorincident" displayName="Behavior Incident" solution="EducationAcceleratorK12 (3.2.3.10)" />
        <Dependent type="62" schemaName="mshied_K12Education" />
      </MissingDependency>
      <MissingDependency>
        <Required type="1" schemaName="mshied_behaviorincident" displayName="Behavior Incident" solution="EducationAcceleratorK12 (3.2.3.10)" />
        <Dependent type="80" schemaName="mshied_K12Education" displayName="K12 Education" />
      </MissingDependency>
      <MissingDependency>
        <Required type="1" schemaName="mshied_course" displayName="Course" solution="EducationAcceleratorCommon (3.2.3.10)" />
        <Dependent type="62" schemaName="mshied_K12Education" />
      </MissingDependency>
      <MissingDependency>
        <Required type="1" schemaName="mshied_course" displayName="Course" solution="EducationAcceleratorCommon (3.2.3.10)" />
        <Dependent type="80" schemaName="mshied_K12Education" displayName="K12 Education" />
      </MissingDependency>
      <MissingDependency>
        <Required type="1" schemaName="mshied_coursesection" displayName="Course Section" solution="EducationAcceleratorCommon (3.2.3.10)" />
        <Dependent type="62" schemaName="mshied_K12Education" />
      </MissingDependency>
      <MissingDependency>
        <Required type="1" schemaName="mshied_coursesection" displayName="Course Section" solution="EducationAcceleratorCommon (3.2.3.10)" />
        <Dependent type="80" schemaName="mshied_K12Education" displayName="K12 Education" />
      </MissingDependency>
      <MissingDependency>
        <Required type="1" schemaName="mshied_educationcontent" displayName="Education Content" solution="EducationAcceleratorK12 (3.2.3.10)" />
        <Dependent type="62" schemaName="mshied_K12Education" />
      </MissingDependency>
      <MissingDependency>
        <Required type="1" schemaName="mshied_educationcontent" displayName="Education Content" solution="EducationAcceleratorK12 (3.2.3.10)" />
        <Dependent type="80" schemaName="mshied_K12Education" displayName="K12 Education" />
      </MissingDependency>
      <MissingDependency>
        <Required type="1" schemaName="mshied_extracurricularactivities" displayName="Extra Curricular Activity" solution="EducationAcceleratorCommon (3.2.3.10)" />
        <Dependent type="62" schemaName="mshied_K12Education" />
      </MissingDependency>
      <MissingDependency>
        <Required type="1" schemaName="mshied_gradingperiod" displayName="Grading Period" solution="EducationAcceleratorK12 (3.2.3.10)" />
        <Dependent type="62" schemaName="mshied_K12Education" />
      </MissingDependency>
      <MissingDependency>
        <Required type="1" schemaName="mshied_gradingperiod" displayName="Grading Period" solution="EducationAcceleratorK12 (3.2.3.10)" />
        <Dependent type="80" schemaName="mshied_K12Education" displayName="K12 Education" />
      </MissingDependency>
      <MissingDependency>
        <Required type="1" schemaName="mshied_incidentaction" displayName="Incident Action" solution="EducationAcceleratorK12 (3.2.3.10)" />
        <Dependent type="80" schemaName="mshied_K12Education" displayName="K12 Education" />
      </MissingDependency>
      <MissingDependency>
        <Required type="1" schemaName="mshied_incidenttype" displayName="Incident Type" solution="EducationAcceleratorK12 (3.2.3.10)" />
        <Dependent type="62" schemaName="mshied_K12Education" />
      </MissingDependency>
      <MissingDependency>
        <Required type="1" schemaName="mshied_incidenttype" displayName="Incident Type" solution="EducationAcceleratorK12 (3.2.3.10)" />
        <Dependent type="80" schemaName="mshied_K12Education" displayName="K12 Education" />
      </MissingDependency>
      <MissingDependency>
        <Required type="1" schemaName="mshied_internship" displayName="Internship" solution="EducationAcceleratorCommon (3.2.3.10)" />
        <Dependent type="62" schemaName="mshied_K12Education" />
      </MissingDependency>
      <MissingDependency>
        <Required type="1" schemaName="mshied_intervention" displayName="Intervention" solution="EducationAcceleratorK12 (3.2.3.10)" />
        <Dependent type="62" schemaName="mshied_K12Education" />
      </MissingDependency>
      <MissingDependency>
        <Required type="1" schemaName="mshied_intervention" displayName="Intervention" solution="EducationAcceleratorK12 (3.2.3.10)" />
        <Dependent type="80" schemaName="mshied_K12Education" displayName="K12 Education" />
      </MissingDependency>
      <MissingDependency>
        <Required type="1" schemaName="mshied_interventionparticipant" displayName="Intervention Participant" solution="EducationAcceleratorK12 (3.2.3.10)" />
        <Dependent type="80" schemaName="mshied_K12Education" displayName="K12 Education" />
      </MissingDependency>
      <MissingDependency>
        <Required type="1" schemaName="mshied_learningstandard" displayName="Learning Standard" solution="EducationAcceleratorK12 (3.2.3.10)" />
        <Dependent type="62" schemaName="mshied_K12Education" />
      </MissingDependency>
      <MissingDependency>
        <Required type="1" schemaName="mshied_learningstandard" displayName="Learning Standard" solution="EducationAcceleratorK12 (3.2.3.10)" />
        <Dependent type="80" schemaName="mshied_K12Education" displayName="K12 Education" />
      </MissingDependency>
      <MissingDependency>
        <Required type="1" schemaName="mshied_learningstandardcriteria" displayName="Learning Standard Criteria" solution="EducationAcceleratorK12 (3.2.3.10)" />
        <Dependent type="80" schemaName="mshied_K12Education" displayName="K12 Education" />
      </MissingDependency>
      <MissingDependency>
        <Required type="1" schemaName="mshied_scholarship" displayName="Scholarship" solution="EducationAcceleratorCommon (3.2.3.10)" />
        <Dependent type="62" schemaName="mshied_K12Education" />
      </MissingDependency>
      <MissingDependency>
        <Required type="1" schemaName="mshied_studentassessmentitemresponse" displayName="Student Assessment Item Response" solution="EducationAcceleratorK12 (3.2.3.10)" />
        <Dependent type="80" schemaName="mshied_K12Education" displayName="K12 Education" />
      </MissingDependency>
      <MissingDependency>
        <Required type="1" schemaName="mshied_testscore" displayName="Test Score" solution="EducationAcceleratorCommon (3.2.3.10)" />
        <Dependent type="80" schemaName="mshied_K12Education" displayName="K12 Education" />
      </MissingDependency>
      <MissingDependency>
        <Required type="1" schemaName="mshied_testtype" displayName="Test Type" solution="EducationAcceleratorCommon (3.2.3.10)" />
        <Dependent type="80" schemaName="mshied_K12Education" displayName="K12 Education" />
      </MissingDependency>
      <MissingDependency>
        <Required type="60" displayName="Information" parentDisplayName="Grading Period" solution="EducationAcceleratorK12 (3.2.3.10)" id="{8db4cac0-2da2-403a-a4d8-1e20b2e28b00}" />
        <Dependent type="80" schemaName="mshied_K12Education" displayName="K12 Education" />
      </MissingDependency>
    </MissingDependencies>
  </SolutionManifest>
</ImportExportXml>