﻿<?xml version="1.0" encoding="utf-8"?>
<ImportExportXml version="9.2.21063.132" SolutionPackageVersion="9.2" languagecode="1033" generatedBy="CrmLive" xmlns:xsi="http://www.w3.org/2001/XMLSchema-instance">
  <SolutionManifest>
    <UniqueName>Dynamics365HigherEducationAccelerator</UniqueName>
    <LocalizedNames>
      <LocalizedName description="Dynamics 365 Higher Education Accelerator" languagecode="1033" />
    </LocalizedNames>
    <Descriptions>
      <Description description="Accelerator for Higher Education customers." languagecode="1033" />
    </Descriptions>
    <Version>4.0.2.0</Version>
    <Managed>1</Managed>
    <Publisher>
      <UniqueName>educationacceleratorcommon</UniqueName>
      <LocalizedNames>
        <LocalizedName description="Dynamics 365 Education" languagecode="1033" />
      </LocalizedNames>
      <Descriptions>
        <Description description="Education Accelerator Common" languagecode="1033" />
      </Descriptions>
      <EMailAddress xsi:nil="true"></EMailAddress>
      <SupportingWebsiteUrl xsi:nil="true"></SupportingWebsiteUrl>
      <CustomizationPrefix>mshied</CustomizationPrefix>
      <CustomizationOptionValuePrefix>49428</CustomizationOptionValuePrefix>
      <Addresses>
        <Address>
          <AddressNumber>1</AddressNumber>
          <AddressTypeCode>1</AddressTypeCode>
          <City xsi:nil="true"></City>
          <County xsi:nil="true"></County>
          <Country xsi:nil="true"></Country>
          <Fax xsi:nil="true"></Fax>
          <FreightTermsCode xsi:nil="true"></FreightTermsCode>
          <ImportSequenceNumber xsi:nil="true"></ImportSequenceNumber>
          <Latitude xsi:nil="true"></Latitude>
          <Line1 xsi:nil="true"></Line1>
          <Line2 xsi:nil="true"></Line2>
          <Line3 xsi:nil="true"></Line3>
          <Longitude xsi:nil="true"></Longitude>
          <Name xsi:nil="true"></Name>
          <PostalCode xsi:nil="true"></PostalCode>
          <PostOfficeBox xsi:nil="true"></PostOfficeBox>
          <PrimaryContactName xsi:nil="true"></PrimaryContactName>
          <ShippingMethodCode>1</ShippingMethodCode>
          <StateOrProvince xsi:nil="true"></StateOrProvince>
          <Telephone1 xsi:nil="true"></Telephone1>
          <Telephone2 xsi:nil="true"></Telephone2>
          <Telephone3 xsi:nil="true"></Telephone3>
          <TimeZoneRuleVersionNumber xsi:nil="true"></TimeZoneRuleVersionNumber>
          <UPSZone xsi:nil="true"></UPSZone>
          <UTCOffset xsi:nil="true"></UTCOffset>
          <UTCConversionTimeZoneCode xsi:nil="true"></UTCConversionTimeZoneCode>
        </Address>
        <Address>
          <AddressNumber>2</AddressNumber>
          <AddressTypeCode>1</AddressTypeCode>
          <City xsi:nil="true"></City>
          <County xsi:nil="true"></County>
          <Country xsi:nil="true"></Country>
          <Fax xsi:nil="true"></Fax>
          <FreightTermsCode xsi:nil="true"></FreightTermsCode>
          <ImportSequenceNumber xsi:nil="true"></ImportSequenceNumber>
          <Latitude xsi:nil="true"></Latitude>
          <Line1 xsi:nil="true"></Line1>
          <Line2 xsi:nil="true"></Line2>
          <Line3 xsi:nil="true"></Line3>
          <Longitude xsi:nil="true"></Longitude>
          <Name xsi:nil="true"></Name>
          <PostalCode xsi:nil="true"></PostalCode>
          <PostOfficeBox xsi:nil="true"></PostOfficeBox>
          <PrimaryContactName xsi:nil="true"></PrimaryContactName>
          <ShippingMethodCode>1</ShippingMethodCode>
          <StateOrProvince xsi:nil="true"></StateOrProvince>
          <Telephone1 xsi:nil="true"></Telephone1>
          <Telephone2 xsi:nil="true"></Telephone2>
          <Telephone3 xsi:nil="true"></Telephone3>
          <TimeZoneRuleVersionNumber xsi:nil="true"></TimeZoneRuleVersionNumber>
          <UPSZone xsi:nil="true"></UPSZone>
          <UTCOffset xsi:nil="true"></UTCOffset>
          <UTCConversionTimeZoneCode xsi:nil="true"></UTCConversionTimeZoneCode>
        </Address>
      </Addresses>
    </Publisher>
    <RootComponents>
      <RootComponent type="1" schemaName="account" behavior="2" />
      <RootComponent type="1" schemaName="contact" behavior="2" />
      <RootComponent type="1" schemaName="mshied_grant" behavior="0" />
      <RootComponent type="1" schemaName="mshied_grantapplicant" behavior="0" />
      <RootComponent type="1" schemaName="mshied_grantapplicationbusinessprocessflow" behavior="0" />
      <RootComponent type="1" schemaName="mshied_recommendedstudentresource" behavior="1" />
      <RootComponent type="29" id="{15fe3c6a-9671-4578-80da-139a7e7c08ca}" behavior="0" />
      <RootComponent type="29" id="{5c2d1d22-ef1e-4e02-8785-c96f8843401d}" behavior="0" />
      <RootComponent type="29" id="{bae8d9ed-f292-4575-b0e2-0e27d9dd3d22}" behavior="0" />
      <RootComponent type="29" id="{be5e22d7-eb4c-4c5e-8933-f475b6b2602a}" behavior="0" />
      <RootComponent type="60" id="{0028f222-56d9-439f-b572-423649cf3d29}" behavior="0" />
      <RootComponent type="60" id="{08ca35ed-4d19-4cbb-b751-d685f947280a}" behavior="0" />
      <RootComponent type="60" id="{1bc26617-6e30-465a-b532-4444b3e067dd}" behavior="0" />
      <RootComponent type="60" id="{1e589f3d-10c3-4c9d-9c6b-9d6935046d98}" behavior="0" />
      <RootComponent type="60" id="{26993d2d-236e-404c-803b-c1c548603678}" behavior="0" />
      <RootComponent type="60" id="{2810d33d-ee9a-4d4b-8711-0a8efc6184ed}" behavior="0" />
      <RootComponent type="60" id="{2c22644e-569e-45ea-87eb-865a48d00273}" behavior="0" />
      <RootComponent type="60" id="{5600d25a-db90-4213-afec-1d74b5a0c7fe}" behavior="0" />
      <RootComponent type="60" id="{5833d3bf-c38d-419e-8156-a16fe681abe2}" behavior="0" />
      <RootComponent type="60" id="{61ed2451-fa90-4529-8d49-39c9bf6cc92b}" behavior="0" />
      <RootComponent type="60" id="{65e1d59f-14de-4706-8fd3-4e231912849d}" behavior="0" />
      <RootComponent type="60" id="{679f53ee-88bc-42e6-806c-cf9c5762c94b}" behavior="0" />
      <RootComponent type="60" id="{738cf670-1ffc-ea11-a815-0022480822ca}" behavior="0" />
      <RootComponent type="60" id="{78b71c30-ae51-4603-8549-46a7cb655e01}" behavior="0" />
      <RootComponent type="60" id="{805b59a2-acdf-e911-a960-000d3a3b9b3d}" behavior="0" />
      <RootComponent type="60" id="{82e4ea49-1a47-40b2-8f1a-94742cb06a5c}" behavior="0" />
      <RootComponent type="60" id="{849d4cfa-6d59-4a47-bcb9-3b04352607bc}" behavior="0" />
      <RootComponent type="60" id="{85e78804-2cae-4752-86fd-1f8541200ab9}" behavior="0" />
      <RootComponent type="60" id="{8cf350f2-5b92-46ca-bfe9-5bdacd3de8ac}" behavior="0" />
      <RootComponent type="60" id="{91d14055-12b2-4d18-9e7c-59603e5a2295}" behavior="0" />
      <RootComponent type="60" id="{9c8e7ecf-2300-4062-b5cc-bf2e865d8c46}" behavior="0" />
      <RootComponent type="60" id="{a239b08b-65ba-421d-8f4b-0bc4f41c8a2e}" behavior="0" />
      <RootComponent type="60" id="{a9f0cb36-f395-4ff1-9552-707265a7d818}" behavior="0" />
      <RootComponent type="60" id="{aa3edfd3-561a-4b83-942c-c1087737d3e3}" behavior="0" />
      <RootComponent type="60" id="{b5624b8e-e9c1-4bcf-b350-068c24b0fb88}" behavior="0" />
      <RootComponent type="60" id="{be82e057-55b7-4789-886a-5a9dda7e349c}" />
      <RootComponent type="60" id="{befb0ac7-1eb9-44c9-bdfc-de9718e66b71}" behavior="0" />
      <RootComponent type="60" id="{c6650e6d-3230-40e7-a41a-7578c447105a}" behavior="0" />
      <RootComponent type="60" id="{cfa000c5-c6ea-e911-a968-000d3a3b9825}" behavior="0" />
      <RootComponent type="60" id="{ea999679-3984-4157-9957-5feb0cc6c986}" behavior="0" />
      <RootComponent type="60" id="{ed828b48-04df-e911-a968-000d3a3b9825}" behavior="0" />
      <RootComponent type="60" id="{ef140875-b7e7-4469-809c-5f4ab700b1d1}" behavior="0" />
      <RootComponent type="60" id="{f2255de0-9cc7-488f-912b-42ee8dd6c167}" behavior="0" />
      <RootComponent type="60" id="{fd9ab5c4-8adc-414e-9b53-dbdcfc551f75}" behavior="0" />
      <RootComponent type="61" schemaName="mshied_Grant16" behavior="0" />
      <RootComponent type="61" schemaName="mshied_Grant32" behavior="0" />
      <RootComponent type="61" schemaName="mshied_GrantSVG" behavior="0" />
      <RootComponent type="62" schemaName="mshied_HigherEd" behavior="0" />
    </RootComponents>
    <MissingDependencies>
      <MissingDependency>
        <Required type="1" schemaName="mshied_academicperioddetails" displayName="Academic Period Detail" solution="EducationAcceleratorCommon (3.2.1.3)" />
        <Dependent type="60" displayName="Advisor Dashboard" id="{738cf670-1ffc-ea11-a815-0022480822ca}" />
      </MissingDependency>
      <MissingDependency>
        <Required type="1" schemaName="mshied_areaofinterest" displayName="Area of Interest" solution="EducationAcceleratorCommon (3.2.1.3)" />
        <Dependent type="62" schemaName="mshied_HigherEd" />
      </MissingDependency>
      <MissingDependency>
        <Required type="1" schemaName="mshied_areaofstudy" displayName="Area of Study" solution="EducationAcceleratorCommon (3.2.1.3)" />
        <Dependent type="10" schemaName="mshied_Grant_AreaofStudy_mshied_areaofstudy" displayName="mshied_Grant_AreaofStudy_mshied_areaofstudy" parentSchemaName="mshied_areaofstudy" parentDisplayName="Area of Study" />
      </MissingDependency>
      <MissingDependency>
        <Required type="1" schemaName="mshied_areaofstudy" displayName="Area of Study" solution="EducationAcceleratorCommon (3.2.1.3)" />
        <Dependent type="62" schemaName="mshied_HigherEd" />
      </MissingDependency>
      <MissingDependency>
        <Required type="1" schemaName="mshied_course" displayName="Course" solution="EducationAcceleratorCommon (3.2.1.3)" />
        <Dependent type="62" schemaName="mshied_HigherEd" />
      </MissingDependency>
      <MissingDependency>
        <Required type="1" schemaName="mshied_coursehistory" displayName="Course History" solution="EducationAcceleratorCommon (3.2.1.3)" />
        <Dependent type="60" displayName="Student Success Path" parentDisplayName="Contact" id="{be82e057-55b7-4789-886a-5a9dda7e349c}" />
      </MissingDependency>
      <MissingDependency>
        <Required type="1" schemaName="mshied_extracurricularactivities" displayName="Extra Curricular Activity" solution="EducationAcceleratorCommon (3.2.1.3)" />
        <Dependent type="60" displayName="Student Success Path" parentDisplayName="Contact" id="{be82e057-55b7-4789-886a-5a9dda7e349c}" />
      </MissingDependency>
      <MissingDependency>
        <Required type="1" schemaName="mshied_extracurricularactivities" displayName="Extra Curricular Activity" solution="EducationAcceleratorCommon (3.2.1.3)" />
        <Dependent type="62" schemaName="mshied_HigherEd" />
      </MissingDependency>
      <MissingDependency>
        <Required type="1" schemaName="mshied_internship" displayName="Internship" solution="EducationAcceleratorCommon (3.2.1.3)" />
        <Dependent type="60" displayName="Information" parentDisplayName="Internship" id="{2c22644e-569e-45ea-87eb-865a48d00273}" />
      </MissingDependency>
      <MissingDependency>
        <Required type="1" schemaName="mshied_internship" displayName="Internship" solution="EducationAcceleratorCommon (3.2.1.3)" />
        <Dependent type="60" displayName="Business Partner Dashboard" id="{ed828b48-04df-e911-a968-000d3a3b9825}" />
      </MissingDependency>
      <MissingDependency>
        <Required type="1" schemaName="mshied_internship" displayName="Internship" solution="EducationAcceleratorCommon (3.2.1.3)" />
        <Dependent type="62" schemaName="mshied_HigherEd" />
      </MissingDependency>
      <MissingDependency>
        <Required type="1" schemaName="mshied_internshipapplicant" displayName="Internship Applicant" solution="EducationAcceleratorCommon (3.2.1.3)" />
        <Dependent type="60" displayName="Information" parentDisplayName="Internship" id="{2c22644e-569e-45ea-87eb-865a48d00273}" />
      </MissingDependency>
      <MissingDependency>
        <Required type="1" schemaName="mshied_program" displayName="Program" solution="EducationAcceleratorCommon (3.2.1.3)" />
        <Dependent type="62" schemaName="mshied_HigherEd" />
      </MissingDependency>
      <MissingDependency>
        <Required type="1" schemaName="mshied_programrequirement" displayName="Program Requirement" solution="EducationAcceleratorCommon (3.2.1.3)" />
        <Dependent type="62" schemaName="mshied_HigherEd" />
      </MissingDependency>
      <MissingDependency>
        <Required type="1" schemaName="mshied_recommendedstudentresource" displayName="Recommended Student Resource" solution="EducationAcceleratorCommon (3.2.1.3)" />
        <Dependent type="1" schemaName="mshied_recommendedstudentresource" displayName="Recommended Student Resource" />
      </MissingDependency>
      <MissingDependency>
        <Required type="1" schemaName="mshied_scholarship" displayName="Scholarship" solution="EducationAcceleratorCommon (3.2.1.3)" />
        <Dependent type="60" displayName="Information" parentDisplayName="Scholarship" id="{65e1d59f-14de-4706-8fd3-4e231912849d}" />
      </MissingDependency>
      <MissingDependency>
        <Required type="1" schemaName="mshied_scholarship" displayName="Scholarship" solution="EducationAcceleratorCommon (3.2.1.3)" />
        <Dependent type="60" displayName="Business Partner Dashboard" id="{ed828b48-04df-e911-a968-000d3a3b9825}" />
      </MissingDependency>
      <MissingDependency>
        <Required type="1" schemaName="mshied_scholarship" displayName="Scholarship" solution="EducationAcceleratorCommon (3.2.1.3)" />
        <Dependent type="62" schemaName="mshied_HigherEd" />
      </MissingDependency>
      <MissingDependency>
        <Required type="1" schemaName="mshied_scholarshipapplicant" displayName="Scholarship Applicant" solution="EducationAcceleratorCommon (3.2.1.3)" />
        <Dependent type="60" displayName="Information" parentDisplayName="Scholarship" id="{65e1d59f-14de-4706-8fd3-4e231912849d}" />
      </MissingDependency>
      <MissingDependency>
        <Required type="1" schemaName="mshied_scholarshipapplicant" displayName="Scholarship Applicant" solution="EducationAcceleratorCommon (3.2.1.3)" />
        <Dependent type="60" displayName="Business Partner Dashboard" id="{ed828b48-04df-e911-a968-000d3a3b9825}" />
      </MissingDependency>
      <MissingDependency>
        <Required type="1" schemaName="mshied_studentresource" displayName="Student Resource" solution="EducationAcceleratorCommon (3.2.1.3)" />
        <Dependent type="62" schemaName="mshied_HigherEd" />
      </MissingDependency>
      <MissingDependency>
        <Required type="10" schemaName="mshied_Contact_Advisorid_Contact" displayName="mshied_Contact_Advisorid_Contact" parentSchemaName="contact" parentDisplayName="Contact" solution="EducationAcceleratorCommon (3.2.1.3)" />
        <Dependent type="60" displayName="Student Success Path" parentDisplayName="Contact" id="{be82e057-55b7-4789-886a-5a9dda7e349c}" />
      </MissingDependency>
      <MissingDependency>
        <Required type="10" schemaName="mshied_Contact_CurrentProgramVersion_mshied_prog" displayName="mshied_Contact_CurrentProgramVersion_mshied_prog" parentSchemaName="contact" parentDisplayName="Contact" solution="EducationAcceleratorCommon (3.2.1.3)" />
        <Dependent type="60" displayName="Student Success Path" parentDisplayName="Contact" id="{be82e057-55b7-4789-886a-5a9dda7e349c}" />
      </MissingDependency>
      <MissingDependency>
        <Required type="10" schemaName="mshied_program_contact_CurrentProgramId" displayName="mshied_program_contact_CurrentProgramId" parentSchemaName="contact" parentDisplayName="Contact" solution="EducationAcceleratorCommon (3.2.1.3)" />
        <Dependent type="60" displayName="Student Success Path" parentDisplayName="Contact" id="{be82e057-55b7-4789-886a-5a9dda7e349c}" />
      </MissingDependency>
      <MissingDependency>
        <Required type="10" schemaName="mshied_programlevel_contact_CurrentProgramLevelId" displayName="mshied_programlevel_contact_CurrentProgramLevelId" parentSchemaName="contact" parentDisplayName="Contact" solution="EducationAcceleratorCommon (3.2.1.3)" />
        <Dependent type="60" displayName="Student Success Path" parentDisplayName="Contact" id="{be82e057-55b7-4789-886a-5a9dda7e349c}" />
      </MissingDependency>
      <MissingDependency>
        <Required type="10" schemaName="mshied_contact_coursehistory_StudentId" displayName="mshied_contact_coursehistory_StudentId" parentSchemaName="mshied_coursehistory" parentDisplayName="Course History" solution="EducationAcceleratorCommon (3.2.1.3)" />
        <Dependent type="60" displayName="Student Success Path" parentDisplayName="Contact" id="{be82e057-55b7-4789-886a-5a9dda7e349c}" />
      </MissingDependency>
      <MissingDependency>
        <Required type="10" schemaName="mshied_contact_extracurricularactivities_PrimaryContactId" displayName="mshied_contact_extracurricularactivities_PrimaryContactId" parentSchemaName="mshied_extracurricularactivities" parentDisplayName="Extra Curricular Activity" solution="EducationAcceleratorCommon (3.2.1.3)" />
        <Dependent type="60" displayName="Student Success Path" parentDisplayName="Contact" id="{be82e057-55b7-4789-886a-5a9dda7e349c}" />
      </MissingDependency>
      <MissingDependency>
        <Required type="10" schemaName="mshied_Internship_BusinessPartner_Account" displayName="mshied_Internship_BusinessPartner_Account" parentSchemaName="mshied_internship" parentDisplayName="Internship" solution="EducationAcceleratorCommon (3.2.1.3)" />
        <Dependent type="60" displayName="Information" parentDisplayName="Internship" id="{2c22644e-569e-45ea-87eb-865a48d00273}" />
      </MissingDependency>
      <MissingDependency>
        <Required type="10" schemaName="mshied_Internship_BusinessPartnerContact_Contact" displayName="mshied_Internship_BusinessPartnerContact_Contact" parentSchemaName="mshied_internship" parentDisplayName="Internship" solution="EducationAcceleratorCommon (3.2.1.3)" />
        <Dependent type="60" displayName="Information" parentDisplayName="Internship" id="{2c22644e-569e-45ea-87eb-865a48d00273}" />
      </MissingDependency>
      <MissingDependency>
        <Required type="10" schemaName="mshied_InternshipApplicant_Internship_mshied_Int" displayName="mshied_InternshipApplicant_Internship_mshied_Int" parentSchemaName="mshied_internshipapplicant" parentDisplayName="Internship Applicant" solution="EducationAcceleratorCommon (3.2.1.3)" />
        <Dependent type="60" displayName="Information" parentDisplayName="Internship" id="{2c22644e-569e-45ea-87eb-865a48d00273}" />
      </MissingDependency>
      <MissingDependency>
        <Required type="10" schemaName="mshied_RecommendedStudentResource_Student" displayName="mshied_RecommendedStudentResource_Student" parentSchemaName="mshied_recommendedstudentresource" parentDisplayName="Recommended Student Resource" solution="EducationAcceleratorCommon (3.2.1.3)" />
        <Dependent type="60" displayName="Student Success Path" parentDisplayName="Contact" id="{be82e057-55b7-4789-886a-5a9dda7e349c}" />
      </MissingDependency>
      <MissingDependency>
        <Required type="10" schemaName="mshied_Scholarship_AcademicPeriod_mshied_Academi" displayName="mshied_Scholarship_AcademicPeriod_mshied_Academi" parentSchemaName="mshied_scholarship" parentDisplayName="Scholarship" solution="EducationAcceleratorCommon (3.2.1.3)" />
        <Dependent type="60" displayName="Information" parentDisplayName="Scholarship" id="{65e1d59f-14de-4706-8fd3-4e231912849d}" />
      </MissingDependency>
      <MissingDependency>
        <Required type="10" schemaName="mshied_Scholarship_BusinessPartner_Account" displayName="mshied_Scholarship_BusinessPartner_Account" parentSchemaName="mshied_scholarship" parentDisplayName="Scholarship" solution="EducationAcceleratorCommon (3.2.1.3)" />
        <Dependent type="60" displayName="Information" parentDisplayName="Scholarship" id="{65e1d59f-14de-4706-8fd3-4e231912849d}" />
      </MissingDependency>
      <MissingDependency>
        <Required type="10" schemaName="mshied_Scholarship_BusinessPartnerContact_Contac" displayName="mshied_Scholarship_BusinessPartnerContact_Contac" parentSchemaName="mshied_scholarship" parentDisplayName="Scholarship" solution="EducationAcceleratorCommon (3.2.1.3)" />
        <Dependent type="60" displayName="Information" parentDisplayName="Scholarship" id="{65e1d59f-14de-4706-8fd3-4e231912849d}" />
      </MissingDependency>
      <MissingDependency>
        <Required type="10" schemaName="mshied_ScholarshipApplicant_Scholarship" displayName="mshied_ScholarshipApplicant_Scholarship" parentSchemaName="mshied_scholarshipapplicant" parentDisplayName="Scholarship Applicant" solution="EducationAcceleratorCommon (3.2.1.3)" />
        <Dependent type="60" displayName="Information" parentDisplayName="Scholarship" id="{65e1d59f-14de-4706-8fd3-4e231912849d}" />
      </MissingDependency>
      <MissingDependency>
        <Required type="2" schemaName="mshied_appointmentstatus" displayName="Appointment Status" parentSchemaName="appointment" parentDisplayName="Appointment" solution="EducationAcceleratorCommon (3.2.1.3)" />
        <Dependent type="60" displayName="Student Success Path" parentDisplayName="Contact" id="{be82e057-55b7-4789-886a-5a9dda7e349c}" />
      </MissingDependency>
      <MissingDependency>
        <Required type="2" schemaName="mshied_advisorid" displayName="Advisor" parentSchemaName="contact" parentDisplayName="Contact" solution="EducationAcceleratorCommon (3.2.1.3)" />
        <Dependent type="60" displayName="Student Success Path" parentDisplayName="Contact" id="{be82e057-55b7-4789-886a-5a9dda7e349c}" />
      </MissingDependency>
      <MissingDependency>
        <Required type="2" schemaName="mshied_contacttype" displayName="Contact Type" parentSchemaName="contact" parentDisplayName="Contact" solution="EducationAcceleratorCommon (3.2.1.3)" />
        <Dependent type="60" displayName="Student Success Path" parentDisplayName="Contact" id="{be82e057-55b7-4789-886a-5a9dda7e349c}" />
      </MissingDependency>
      <MissingDependency>
        <Required type="2" schemaName="mshied_currentprogramcompletionpercentage" displayName="Current Program Completion Percentage" parentSchemaName="contact" parentDisplayName="Contact" solution="EducationAcceleratorCommon (3.2.1.3)" />
        <Dependent type="60" displayName="Student Success Path" parentDisplayName="Contact" id="{be82e057-55b7-4789-886a-5a9dda7e349c}" />
      </MissingDependency>
      <MissingDependency>
        <Required type="2" schemaName="mshied_currentprogramid" displayName="Current Program" parentSchemaName="contact" parentDisplayName="Contact" solution="EducationAcceleratorCommon (3.2.1.3)" />
        <Dependent type="60" displayName="Student Success Path" parentDisplayName="Contact" id="{be82e057-55b7-4789-886a-5a9dda7e349c}" />
      </MissingDependency>
      <MissingDependency>
        <Required type="2" schemaName="mshied_currentprogramlevelid" displayName="Current Program Level" parentSchemaName="contact" parentDisplayName="Contact" solution="EducationAcceleratorCommon (3.2.1.3)" />
        <Dependent type="60" displayName="Student Success Path" parentDisplayName="Contact" id="{be82e057-55b7-4789-886a-5a9dda7e349c}" />
      </MissingDependency>
      <MissingDependency>
        <Required type="2" schemaName="mshied_currentprogramversion" displayName="Current Program Version" parentSchemaName="contact" parentDisplayName="Contact" solution="EducationAcceleratorCommon (3.2.1.3)" />
        <Dependent type="60" displayName="Student Success Path" parentDisplayName="Contact" id="{be82e057-55b7-4789-886a-5a9dda7e349c}" />
      </MissingDependency>
      <MissingDependency>
        <Required type="2" schemaName="mshied_graduationyear" displayName="Graduation Year" parentSchemaName="contact" parentDisplayName="Contact" solution="EducationAcceleratorCommon (3.2.1.3)" />
        <Dependent type="60" displayName="Student Success Path" parentDisplayName="Contact" id="{be82e057-55b7-4789-886a-5a9dda7e349c}" />
      </MissingDependency>
      <MissingDependency>
        <Required type="2" schemaName="mshied_areaofstudyid" displayName="Area of Study" parentSchemaName="mshied_areaofstudy" parentDisplayName="Area of Study" solution="EducationAcceleratorCommon (3.2.1.3)" />
        <Dependent type="10" schemaName="mshied_Grant_AreaofStudy_mshied_areaofstudy" displayName="mshied_Grant_AreaofStudy_mshied_areaofstudy" parentSchemaName="mshied_areaofstudy" parentDisplayName="Area of Study" />
      </MissingDependency>
      <MissingDependency>
        <Required type="2" schemaName="mshied_name" displayName="Area of Study Name" parentSchemaName="mshied_areaofstudy" parentDisplayName="Area of Study" solution="EducationAcceleratorCommon (3.2.1.3)" />
        <Dependent type="10" schemaName="mshied_Grant_AreaofStudy_mshied_areaofstudy" displayName="mshied_Grant_AreaofStudy_mshied_areaofstudy" parentSchemaName="mshied_areaofstudy" parentDisplayName="Area of Study" />
      </MissingDependency>
      <MissingDependency>
        <Required type="2" schemaName="mshied_applicationdeadlinedate" displayName="Application Deadline Date" parentSchemaName="mshied_internship" parentDisplayName="Internship" solution="EducationAcceleratorCommon (3.2.1.3)" />
        <Dependent type="60" displayName="Information" parentDisplayName="Internship" id="{2c22644e-569e-45ea-87eb-865a48d00273}" />
      </MissingDependency>
      <MissingDependency>
        <Required type="2" schemaName="mshied_businesspartner" displayName="Business Partner" parentSchemaName="mshied_internship" parentDisplayName="Internship" solution="EducationAcceleratorCommon (3.2.1.3)" />
        <Dependent type="60" displayName="Information" parentDisplayName="Internship" id="{2c22644e-569e-45ea-87eb-865a48d00273}" />
      </MissingDependency>
      <MissingDependency>
        <Required type="2" schemaName="mshied_businesspartnercontact" displayName="Business Partner Contact" parentSchemaName="mshied_internship" parentDisplayName="Internship" solution="EducationAcceleratorCommon (3.2.1.3)" />
        <Dependent type="60" displayName="Information" parentDisplayName="Internship" id="{2c22644e-569e-45ea-87eb-865a48d00273}" />
      </MissingDependency>
      <MissingDependency>
        <Required type="2" schemaName="mshied_description" displayName="Description" parentSchemaName="mshied_internship" parentDisplayName="Internship" solution="EducationAcceleratorCommon (3.2.1.3)" />
        <Dependent type="60" displayName="Information" parentDisplayName="Internship" id="{2c22644e-569e-45ea-87eb-865a48d00273}" />
      </MissingDependency>
      <MissingDependency>
        <Required type="2" schemaName="mshied_ispaid" displayName="IsPaid" parentSchemaName="mshied_internship" parentDisplayName="Internship" solution="EducationAcceleratorCommon (3.2.1.3)" />
        <Dependent type="60" displayName="Information" parentDisplayName="Internship" id="{2c22644e-569e-45ea-87eb-865a48d00273}" />
      </MissingDependency>
      <MissingDependency>
        <Required type="2" schemaName="mshied_locationdescription" displayName="Location Description" parentSchemaName="mshied_internship" parentDisplayName="Internship" solution="EducationAcceleratorCommon (3.2.1.3)" />
        <Dependent type="60" displayName="Information" parentDisplayName="Internship" id="{2c22644e-569e-45ea-87eb-865a48d00273}" />
      </MissingDependency>
      <MissingDependency>
        <Required type="2" schemaName="mshied_posteddate" displayName="PostedDate" parentSchemaName="mshied_internship" parentDisplayName="Internship" solution="EducationAcceleratorCommon (3.2.1.3)" />
        <Dependent type="60" displayName="Information" parentDisplayName="Internship" id="{2c22644e-569e-45ea-87eb-865a48d00273}" />
      </MissingDependency>
      <MissingDependency>
        <Required type="2" schemaName="mshied_qualifications" displayName="Qualifications" parentSchemaName="mshied_internship" parentDisplayName="Internship" solution="EducationAcceleratorCommon (3.2.1.3)" />
        <Dependent type="60" displayName="Information" parentDisplayName="Internship" id="{2c22644e-569e-45ea-87eb-865a48d00273}" />
      </MissingDependency>
      <MissingDependency>
        <Required type="2" schemaName="mshied_title" displayName="Title" parentSchemaName="mshied_internship" parentDisplayName="Internship" solution="EducationAcceleratorCommon (3.2.1.3)" />
        <Dependent type="60" displayName="Information" parentDisplayName="Internship" id="{2c22644e-569e-45ea-87eb-865a48d00273}" />
      </MissingDependency>
      <MissingDependency>
        <Required type="2" schemaName="mshied_validfrom" displayName="ValidFrom" parentSchemaName="mshied_internship" parentDisplayName="Internship" solution="EducationAcceleratorCommon (3.2.1.3)" />
        <Dependent type="60" displayName="Information" parentDisplayName="Internship" id="{2c22644e-569e-45ea-87eb-865a48d00273}" />
      </MissingDependency>
      <MissingDependency>
        <Required type="2" schemaName="mshied_validto" displayName="ValidTo" parentSchemaName="mshied_internship" parentDisplayName="Internship" solution="EducationAcceleratorCommon (3.2.1.3)" />
        <Dependent type="60" displayName="Information" parentDisplayName="Internship" id="{2c22644e-569e-45ea-87eb-865a48d00273}" />
      </MissingDependency>
      <MissingDependency>
        <Required type="2" schemaName="mshied_websiteurl" displayName="Website URL" parentSchemaName="mshied_internship" parentDisplayName="Internship" solution="EducationAcceleratorCommon (3.2.1.3)" />
        <Dependent type="60" displayName="Information" parentDisplayName="Internship" id="{2c22644e-569e-45ea-87eb-865a48d00273}" />
      </MissingDependency>
      <MissingDependency>
        <Required type="2" schemaName="ownerid" displayName="Owner" parentSchemaName="mshied_internship" parentDisplayName="Internship" solution="Active" />
        <Dependent type="60" displayName="Information" parentDisplayName="Internship" id="{2c22644e-569e-45ea-87eb-865a48d00273}" />
      </MissingDependency>
      <MissingDependency>
        <Required type="2" schemaName="mshied_academicperiod" displayName="Academic Period" parentSchemaName="mshied_scholarship" parentDisplayName="Scholarship" solution="EducationAcceleratorCommon (3.2.1.3)" />
        <Dependent type="60" displayName="Information" parentDisplayName="Scholarship" id="{65e1d59f-14de-4706-8fd3-4e231912849d}" />
      </MissingDependency>
      <MissingDependency>
        <Required type="2" schemaName="mshied_amount" displayName="Amount" parentSchemaName="mshied_scholarship" parentDisplayName="Scholarship" solution="EducationAcceleratorCommon (3.2.1.3)" />
        <Dependent type="60" displayName="Information" parentDisplayName="Scholarship" id="{65e1d59f-14de-4706-8fd3-4e231912849d}" />
      </MissingDependency>
      <MissingDependency>
        <Required type="2" schemaName="mshied_applicationdeadlinedate" displayName="Application Deadline Date" parentSchemaName="mshied_scholarship" parentDisplayName="Scholarship" solution="EducationAcceleratorCommon (3.2.1.3)" />
        <Dependent type="60" displayName="Information" parentDisplayName="Scholarship" id="{65e1d59f-14de-4706-8fd3-4e231912849d}" />
      </MissingDependency>
      <MissingDependency>
        <Required type="2" schemaName="mshied_businesspartner" displayName="Business Partner" parentSchemaName="mshied_scholarship" parentDisplayName="Scholarship" solution="EducationAcceleratorCommon (3.2.1.3)" />
        <Dependent type="60" displayName="Information" parentDisplayName="Scholarship" id="{65e1d59f-14de-4706-8fd3-4e231912849d}" />
      </MissingDependency>
      <MissingDependency>
        <Required type="2" schemaName="mshied_businesspartnercontact" displayName="Business Partner Contact" parentSchemaName="mshied_scholarship" parentDisplayName="Scholarship" solution="EducationAcceleratorCommon (3.2.1.3)" />
        <Dependent type="60" displayName="Information" parentDisplayName="Scholarship" id="{65e1d59f-14de-4706-8fd3-4e231912849d}" />
      </MissingDependency>
      <MissingDependency>
        <Required type="2" schemaName="mshied_description" displayName="Description" parentSchemaName="mshied_scholarship" parentDisplayName="Scholarship" solution="EducationAcceleratorCommon (3.2.1.3)" />
        <Dependent type="60" displayName="Information" parentDisplayName="Scholarship" id="{65e1d59f-14de-4706-8fd3-4e231912849d}" />
      </MissingDependency>
      <MissingDependency>
        <Required type="2" schemaName="mshied_name" displayName="Name" parentSchemaName="mshied_scholarship" parentDisplayName="Scholarship" solution="EducationAcceleratorCommon (3.2.1.3)" />
        <Dependent type="60" displayName="Information" parentDisplayName="Scholarship" id="{65e1d59f-14de-4706-8fd3-4e231912849d}" />
      </MissingDependency>
      <MissingDependency>
        <Required type="2" schemaName="mshied_posteddate" displayName="Posted Date" parentSchemaName="mshied_scholarship" parentDisplayName="Scholarship" solution="EducationAcceleratorCommon (3.2.1.3)" />
        <Dependent type="60" displayName="Information" parentDisplayName="Scholarship" id="{65e1d59f-14de-4706-8fd3-4e231912849d}" />
      </MissingDependency>
      <MissingDependency>
        <Required type="2" schemaName="mshied_qualifications" displayName="Qualifications" parentSchemaName="mshied_scholarship" parentDisplayName="Scholarship" solution="EducationAcceleratorCommon (3.2.1.3)" />
        <Dependent type="60" displayName="Information" parentDisplayName="Scholarship" id="{65e1d59f-14de-4706-8fd3-4e231912849d}" />
      </MissingDependency>
      <MissingDependency>
        <Required type="2" schemaName="mshied_type" displayName="Type" parentSchemaName="mshied_scholarship" parentDisplayName="Scholarship" solution="EducationAcceleratorCommon (3.2.1.3)" />
        <Dependent type="60" displayName="Information" parentDisplayName="Scholarship" id="{65e1d59f-14de-4706-8fd3-4e231912849d}" />
      </MissingDependency>
      <MissingDependency>
        <Required type="2" schemaName="mshied_websiteurl" displayName="Website URL" parentSchemaName="mshied_scholarship" parentDisplayName="Scholarship" solution="EducationAcceleratorCommon (3.2.1.3)" />
        <Dependent type="60" displayName="Information" parentDisplayName="Scholarship" id="{65e1d59f-14de-4706-8fd3-4e231912849d}" />
      </MissingDependency>
      <MissingDependency>
        <Required type="2" schemaName="ownerid" displayName="Owner" parentSchemaName="mshied_scholarship" parentDisplayName="Scholarship" solution="Active" />
        <Dependent type="60" displayName="Information" parentDisplayName="Scholarship" id="{65e1d59f-14de-4706-8fd3-4e231912849d}" />
      </MissingDependency>
      <MissingDependency>
        <Required type="26" schemaName="Active Scholarship Applicants" displayName="Active Scholarship Applicants" parentSchemaName="mshied_scholarshipapplicant" parentDisplayName="Scholarship Applicant" solution="EducationAcceleratorCommon (3.2.1.3)" id="{16be99a2-2c40-4322-9d0d-8f0f86bf91c1}" />
        <Dependent type="60" displayName="Information" parentDisplayName="Scholarship" id="{65e1d59f-14de-4706-8fd3-4e231912849d}" />
      </MissingDependency>
      <MissingDependency>
        <Required type="26" schemaName="Active Scholarship Applicants" displayName="Active Scholarship Applicants" parentSchemaName="mshied_scholarshipapplicant" parentDisplayName="Scholarship Applicant" solution="EducationAcceleratorCommon (3.2.1.3)" id="{16be99a2-2c40-4322-9d0d-8f0f86bf91c1}" />
        <Dependent type="60" displayName="Business Partner Dashboard" id="{ed828b48-04df-e911-a968-000d3a3b9825}" />
      </MissingDependency>
      <MissingDependency>
        <Required type="26" schemaName="Active Recommended Student Resources" displayName="Active Recommended Student Resources" parentSchemaName="mshied_recommendedstudentresource" parentDisplayName="Recommended Student Resource" solution="EducationAcceleratorCommon (3.2.1.3)" id="{28b3d351-9b39-436c-8562-0426e5709848}" />
        <Dependent type="60" displayName="Student Success Path" parentDisplayName="Contact" id="{be82e057-55b7-4789-886a-5a9dda7e349c}" />
      </MissingDependency>
      <MissingDependency>
        <Required type="26" schemaName="Active Internships" displayName="Active Internships" parentSchemaName="mshied_internship" parentDisplayName="Internship" solution="EducationAcceleratorCommon (3.2.1.3)" id="{61e0af33-abb7-4a26-90f3-71935ab802f7}" />
        <Dependent type="60" displayName="Business Partner Dashboard" id="{ed828b48-04df-e911-a968-000d3a3b9825}" />
      </MissingDependency>
      <MissingDependency>
        <Required type="26" schemaName="Active Academic Period Details" displayName="Active Academic Period Details" parentSchemaName="mshied_academicperioddetails" parentDisplayName="Academic Period Detail" solution="EducationAcceleratorCommon (3.2.1.3)" id="{92108403-8040-4be3-af5e-f051886f46a2}" />
        <Dependent type="60" displayName="Advisor Dashboard" id="{738cf670-1ffc-ea11-a815-0022480822ca}" />
      </MissingDependency>
      <MissingDependency>
        <Required type="26" schemaName="Advisor " displayName="Advisor " parentSchemaName="contact" parentDisplayName="Contact" solution="EducationAcceleratorCommon (3.2.1.3)" id="{adebfdb5-f1f8-ea11-a815-000d3a33f11e}" />
        <Dependent type="60" displayName="Student Success Path" parentDisplayName="Contact" id="{be82e057-55b7-4789-886a-5a9dda7e349c}" />
      </MissingDependency>
      <MissingDependency>
        <Required type="26" schemaName="Active Students" displayName="Active Students" parentSchemaName="contact" parentDisplayName="Contact" solution="EducationAcceleratorCommon (3.2.1.3)" id="{ae88af10-95cc-e811-a96b-000d3a1c5716}" />
        <Dependent type="60" displayName="Advisor Dashboard" id="{738cf670-1ffc-ea11-a815-0022480822ca}" />
      </MissingDependency>
      <MissingDependency>
        <Required type="26" schemaName="Active Internship Applicants" displayName="Active Internship Applicants" parentSchemaName="mshied_internshipapplicant" parentDisplayName="Internship Applicant" solution="EducationAcceleratorCommon (3.2.1.3)" id="{cb6a805a-5421-495e-af88-9d79a47f03bf}" />
        <Dependent type="60" displayName="Information" parentDisplayName="Internship" id="{2c22644e-569e-45ea-87eb-865a48d00273}" />
      </MissingDependency>
      <MissingDependency>
        <Required type="26" schemaName="Active Extra Curricular Activities" displayName="Active Extra Curricular Activities" parentSchemaName="mshied_extracurricularactivities" parentDisplayName="Extra Curricular Activity" solution="EducationAcceleratorCommon (3.2.1.3)" id="{d4501044-f941-4ce0-b9e8-b5cefc74d031}" />
        <Dependent type="60" displayName="Student Success Path" parentDisplayName="Contact" id="{be82e057-55b7-4789-886a-5a9dda7e349c}" />
      </MissingDependency>
      <MissingDependency>
        <Required type="26" schemaName="Active Scholarships" displayName="Active Scholarships" parentSchemaName="mshied_scholarship" parentDisplayName="Scholarship" solution="EducationAcceleratorCommon (3.2.1.3)" id="{ea45a19d-1bdf-4782-98d2-975c5d97817d}" />
        <Dependent type="60" displayName="Business Partner Dashboard" id="{ed828b48-04df-e911-a968-000d3a3b9825}" />
      </MissingDependency>
      <MissingDependency>
        <Required type="26" schemaName="Recommended Student Resource   " displayName="Recommended Student Resource   " parentSchemaName="mshied_recommendedstudentresource" parentDisplayName="Recommended Student Resource" solution="EducationAcceleratorCommon (3.2.1.3)" id="{f4e522a5-4afc-ea11-a815-000d3a33f11e}" />
        <Dependent type="60" displayName="Student Success Path" parentDisplayName="Contact" id="{be82e057-55b7-4789-886a-5a9dda7e349c}" />
      </MissingDependency>
      <MissingDependency>
        <Required type="26" schemaName="Active Course Histories" displayName="Active Course Histories" parentSchemaName="mshied_coursehistory" parentDisplayName="Course History" solution="EducationAcceleratorCommon (3.2.1.3)" id="{f68457bf-b78c-4d5b-83a4-f4045fb380a2}" />
        <Dependent type="60" displayName="Student Success Path" parentDisplayName="Contact" id="{be82e057-55b7-4789-886a-5a9dda7e349c}" />
      </MissingDependency>
      <MissingDependency>
        <Required type="59" schemaName="Top Students" displayName="Top Students" parentSchemaName="mshied_academicperioddetails" parentDisplayName="Academic Period Detail" solution="EducationAcceleratorCommon (3.2.1.3)" id="{2f1cf093-20fc-ea11-a815-0022480822ca}" />
        <Dependent type="60" displayName="Advisor Dashboard" id="{738cf670-1ffc-ea11-a815-0022480822ca}" />
      </MissingDependency>
      <MissingDependency>
        <Required type="59" schemaName="Bottom Performing Students" displayName="Bottom Performing Students" parentSchemaName="mshied_academicperioddetails" parentDisplayName="Academic Period Detail" solution="EducationAcceleratorCommon (3.2.1.3)" id="{62ef54be-20fc-ea11-a815-0022480822ca}" />
        <Dependent type="60" displayName="Advisor Dashboard" id="{738cf670-1ffc-ea11-a815-0022480822ca}" />
      </MissingDependency>
      <MissingDependency>
        <Required type="59" schemaName="Scholarship Application by State Code" displayName="Scholarship Application by State Code" parentSchemaName="mshied_scholarshipapplicant" parentDisplayName="Scholarship Applicant" solution="EducationAcceleratorCommon (3.2.1.3)" id="{a6157748-65e0-e911-a964-000d3a3b9cd8}" />
        <Dependent type="60" displayName="Business Partner Dashboard" id="{ed828b48-04df-e911-a968-000d3a3b9825}" />
      </MissingDependency>
      <MissingDependency>
        <Required type="59" schemaName="Number of Scholarships by Business Partner" displayName="Number of Scholarships by Business Partner" parentSchemaName="mshied_scholarship" parentDisplayName="Scholarship" solution="EducationAcceleratorCommon (3.2.1.3)" id="{c4a8f928-65e0-e911-a964-000d3a3b9cd8}" />
        <Dependent type="60" displayName="Business Partner Dashboard" id="{ed828b48-04df-e911-a968-000d3a3b9825}" />
      </MissingDependency>
      <MissingDependency>
        <Required type="59" schemaName="Number of Interships by Business Partner" displayName="Number of Interships by Business Partner" parentSchemaName="mshied_internship" parentDisplayName="Internship" solution="EducationAcceleratorCommon (3.2.1.3)" id="{d5497b5e-b6df-e911-a963-000d3a3b9316}" />
        <Dependent type="60" displayName="Business Partner Dashboard" id="{ed828b48-04df-e911-a968-000d3a3b9825}" />
      </MissingDependency>
      <MissingDependency>
        <Required type="59" schemaName="Registration Status" displayName="Registration Status" parentSchemaName="mshied_coursehistory" parentDisplayName="Course History" solution="EducationAcceleratorCommon (3.2.1.3)" id="{f9109a3a-27ce-e811-a967-000d3a1c53e4}" />
        <Dependent type="60" displayName="Student Success Path" parentDisplayName="Contact" id="{be82e057-55b7-4789-886a-5a9dda7e349c}" />
      </MissingDependency>
      <MissingDependency>
        <Required type="61" schemaName="msdyn_/Images/Area_Default_Icon.png" displayName="msdyn_/Images/Area_Default_Icon.png" solution="AppModuleWebResources (2.5)" />
        <Dependent type="62" schemaName="mshied_HigherEd" />
      </MissingDependency>
      <MissingDependency>
        <Required type="61" schemaName="mshied_HigherEdIconforUI2" displayName="mshied_HigherEdIconforUI2" solution="EducationAcceleratorCommon (3.2.1.3)" />
        <Dependent type="62" schemaName="mshied_HigherEd" />
      </MissingDependency>
      <MissingDependency>
        <Required type="61" schemaName="mshied_RecommendedStudentResource.svg" displayName="mshied_RecommendedStudentResource.svg" solution="EducationAcceleratorCommon (3.2.1.3)" />
        <Dependent type="1" schemaName="mshied_recommendedstudentresource" displayName="Recommended Student Resource" />
      </MissingDependency>
      <MissingDependency>
        <Required type="61" schemaName="mshied_RecommendedStudentResource16.png" displayName="mshied_RecommendedStudentResource16.png" solution="EducationAcceleratorCommon (3.2.1.3)" />
        <Dependent type="1" schemaName="mshied_recommendedstudentresource" displayName="Recommended Student Resource" />
      </MissingDependency>
      <MissingDependency>
        <Required type="61" schemaName="mshied_RecommendedStudentResource32.png" displayName="mshied_RecommendedStudentResource32.png" solution="EducationAcceleratorCommon (3.2.1.3)" />
        <Dependent type="1" schemaName="mshied_recommendedstudentresource" displayName="Recommended Student Resource" />
      </MissingDependency>
      <MissingDependency>
        <Required type="62" schemaName="mshied_HigherEd" solution="EducationAcceleratorCommon (3.2.1.3)" />
        <Dependent type="62" schemaName="mshied_HigherEd" />
      </MissingDependency>
      <MissingDependency>
        <Required type="66" schemaName="MscrmControls.ActivityCalendarControl.ActivityCalendarControl" displayName="MscrmControls.ActivityCalendarControl.ActivityCalendarControl" solution="msdyn_UCICalendar (1.0.0.1270)" />
        <Dependent type="60" displayName="Student Success Path" parentDisplayName="Contact" id="{be82e057-55b7-4789-886a-5a9dda7e349c}" />
      </MissingDependency>
      <MissingDependency>
        <Required type="66" schemaName="MscrmControls.Calendar.CalendarControl" displayName="MscrmControls.Calendar.CalendarControl" solution="CustomControlsCore (9.2.21063.00132)" />
        <Dependent type="60" displayName="Student Success Path" parentDisplayName="Contact" id="{be82e057-55b7-4789-886a-5a9dda7e349c}" />
      </MissingDependency>
      <MissingDependency>
        <Required type="66" schemaName="MscrmControls.CardFeedContainer.CardFeedContainer" displayName="MscrmControls.CardFeedContainer.CardFeedContainer" solution="BaseCustomControlsCore (9.0.2106.3007)" />
        <Dependent type="60" displayName="Student Success Path" parentDisplayName="Contact" id="{be82e057-55b7-4789-886a-5a9dda7e349c}" />
      </MissingDependency>
      <MissingDependency>
        <Required type="9" schemaName="mshied_applicationstatecode" displayName="Application State Code" solution="EducationAcceleratorCommon (3.2.1.3)" />
        <Dependent type="2" schemaName="mshied_applicationstatecode" displayName="Application State Code" parentSchemaName="mshied_grantapplicant" parentDisplayName="Grant Applicant" />
      </MissingDependency>
    </MissingDependencies>
  </SolutionManifest>
</ImportExportXml>