﻿<?xml version="1.0" encoding="utf-8"?>
<ImportExportXml xmlns:xsi="http://www.w3.org/2001/XMLSchema-instance">
  <Entities>
    <Entity>
      <Name LocalizedName="Connection Role" OriginalName="">ConnectionRole</Name>
      <RibbonDiffXml>
        <RibbonNotSupported />
      </RibbonDiffXml>
    </Entity>
  </Entities>
  <Roles />
  <Workflows />
  <FieldSecurityProfiles />
  <Templates />
  <ConnectionRoles>
    <ConnectionRoles>
      <ConnectionRole>
        <connectionroleid>{bf2f3115-5f9d-eb11-b1ac-000d3a36127a}</connectionroleid>
        <name>Student</name>
        <category>494280001</category>
        <IsCustomizable>1</IsCustomizable>
        <IntroducedVersion>3.1.3.5</IntroducedVersion>
        <ConnectionRoleObjectTypeCodes>
          <ConnectionRoleObjectTypeCode>
            <connectionroleobjecttypecodeid>{ca2f3115-5f9d-eb11-b1ac-000d3a36127a}</connectionroleobjecttypecodeid>
            <associatedobjecttypecode>contact</associatedobjecttypecode>
          </ConnectionRoleObjectTypeCode>
        </ConnectionRoleObjectTypeCodes>
      </ConnectionRole>
      <ConnectionRole>
        <connectionroleid>{34a5462d-5f9d-eb11-b1ac-000d3a36127a}</connectionroleid>
        <name>Aide</name>
        <category>494280001</category>
        <IsCustomizable>1</IsCustomizable>
        <IntroducedVersion>3.1.3.5</IntroducedVersion>
        <ConnectionRoleObjectTypeCodes>
          <ConnectionRoleObjectTypeCode>
            <connectionroleobjecttypecodeid>{3fa5462d-5f9d-eb11-b1ac-000d3a36127a}</connectionroleobjecttypecodeid>
            <associatedobjecttypecode>contact</associatedobjecttypecode>
          </ConnectionRoleObjectTypeCode>
        </ConnectionRoleObjectTypeCodes>
      </ConnectionRole>
      <ConnectionRole>
        <connectionroleid>{73b41034-5f9d-eb11-b1ac-000d3a36127a}</connectionroleid>
        <name>Proctor</name>
        <category>494280001</category>
        <IsCustomizable>1</IsCustomizable>
        <IntroducedVersion>3.1.3.5</IntroducedVersion>
        <ConnectionRoleObjectTypeCodes>
          <ConnectionRoleObjectTypeCode>
            <connectionroleobjecttypecodeid>{77b41034-5f9d-eb11-b1ac-000d3a36127a}</connectionroleobjecttypecodeid>
            <associatedobjecttypecode>contact</associatedobjecttypecode>
          </ConnectionRoleObjectTypeCode>
        </ConnectionRoleObjectTypeCodes>
      </ConnectionRole>
      <ConnectionRole>
        <connectionroleid>{8af48140-5f9d-eb11-b1ac-000d3a36127a}</connectionroleid>
        <name>Teacher</name>
        <category>494280001</category>
        <IsCustomizable>1</IsCustomizable>
        <IntroducedVersion>3.1.3.5</IntroducedVersion>
        <ConnectionRoleObjectTypeCodes>
          <ConnectionRoleObjectTypeCode>
            <connectionroleobjecttypecodeid>{90f48140-5f9d-eb11-b1ac-000d3a36127a}</connectionroleobjecttypecodeid>
            <associatedobjecttypecode>contact</associatedobjecttypecode>
          </ConnectionRoleObjectTypeCode>
        </ConnectionRoleObjectTypeCodes>
      </ConnectionRole>
      <ConnectionRole>
        <connectionroleid>{285ca046-5f9d-eb11-b1ac-000d3a36127a}</connectionroleid>
        <name>Administrator</name>
        <category>494280001</category>
        <IsCustomizable>1</IsCustomizable>
        <IntroducedVersion>3.1.3.5</IntroducedVersion>
        <ConnectionRoleObjectTypeCodes>
          <ConnectionRoleObjectTypeCode>
            <connectionroleobjecttypecodeid>{2d5ca046-5f9d-eb11-b1ac-000d3a36127a}</connectionroleobjecttypecodeid>
            <associatedobjecttypecode>contact</associatedobjecttypecode>
          </ConnectionRoleObjectTypeCode>
        </ConnectionRoleObjectTypeCodes>
      </ConnectionRole>
      <ConnectionRole>
        <connectionroleid>{c2817a53-5f9d-eb11-b1ac-000d3a36127a}</connectionroleid>
        <name>IT Admin</name>
        <category>494280001</category>
        <IsCustomizable>1</IsCustomizable>
        <IntroducedVersion>3.1.3.5</IntroducedVersion>
        <ConnectionRoleObjectTypeCodes>
          <ConnectionRoleObjectTypeCode>
            <connectionroleobjecttypecodeid>{cc817a53-5f9d-eb11-b1ac-000d3a36127a}</connectionroleobjecttypecodeid>
            <associatedobjecttypecode>contact</associatedobjecttypecode>
          </ConnectionRoleObjectTypeCode>
        </ConnectionRoleObjectTypeCodes>
      </ConnectionRole>
      <ConnectionRole>
        <connectionroleid>{b210fa5f-5f9d-eb11-b1ac-000d3a36127a}</connectionroleid>
        <name>Office Staff</name>
        <category>494280001</category>
        <IsCustomizable>1</IsCustomizable>
        <IntroducedVersion>3.1.3.5</IntroducedVersion>
        <ConnectionRoleObjectTypeCodes>
          <ConnectionRoleObjectTypeCode>
            <connectionroleobjecttypecodeid>{b610fa5f-5f9d-eb11-b1ac-000d3a36127a}</connectionroleobjecttypecodeid>
            <associatedobjecttypecode>contact</associatedobjecttypecode>
          </ConnectionRoleObjectTypeCode>
        </ConnectionRoleObjectTypeCodes>
      </ConnectionRole>
      <ConnectionRole>
        <connectionroleid>{1a0b496d-5f9d-eb11-b1ac-000d3a36127a}</connectionroleid>
        <name>Nurse</name>
        <category>494280001</category>
        <IsCustomizable>1</IsCustomizable>
        <IntroducedVersion>3.1.3.5</IntroducedVersion>
        <ConnectionRoleObjectTypeCodes>
          <ConnectionRoleObjectTypeCode>
            <connectionroleobjecttypecodeid>{1f0b496d-5f9d-eb11-b1ac-000d3a36127a}</connectionroleobjecttypecodeid>
            <associatedobjecttypecode>contact</associatedobjecttypecode>
          </ConnectionRoleObjectTypeCode>
        </ConnectionRoleObjectTypeCodes>
      </ConnectionRole>
      <ConnectionRole>
        <connectionroleid>{39e1ba73-5f9d-eb11-b1ac-000d3a36127a}</connectionroleid>
        <name>Occupational Therapist</name>
        <category>494280001</category>
        <IsCustomizable>1</IsCustomizable>
        <IntroducedVersion>3.1.3.5</IntroducedVersion>
        <ConnectionRoleObjectTypeCodes>
          <ConnectionRoleObjectTypeCode>
            <connectionroleobjecttypecodeid>{3de1ba73-5f9d-eb11-b1ac-000d3a36127a}</connectionroleobjecttypecodeid>
            <associatedobjecttypecode>contact</associatedobjecttypecode>
          </ConnectionRoleObjectTypeCode>
        </ConnectionRoleObjectTypeCodes>
      </ConnectionRole>
      <ConnectionRole>
        <connectionroleid>{dbeb5a81-5f9d-eb11-b1ac-000d3a36127a}</connectionroleid>
        <name>Physical Therapist</name>
        <category>494280001</category>
        <IsCustomizable>1</IsCustomizable>
        <IntroducedVersion>3.1.3.5</IntroducedVersion>
        <ConnectionRoleObjectTypeCodes>
          <ConnectionRoleObjectTypeCode>
            <connectionroleobjecttypecodeid>{dfeb5a81-5f9d-eb11-b1ac-000d3a36127a}</connectionroleobjecttypecodeid>
            <associatedobjecttypecode>contact</associatedobjecttypecode>
          </ConnectionRoleObjectTypeCode>
        </ConnectionRoleObjectTypeCodes>
      </ConnectionRole>
      <ConnectionRole>
        <connectionroleid>{d9a2768a-5f9d-eb11-b1ac-000d3a36127a}</connectionroleid>
        <name>Speech</name>
        <category>494280001</category>
        <IsCustomizable>1</IsCustomizable>
        <IntroducedVersion>3.1.3.5</IntroducedVersion>
        <ConnectionRoleObjectTypeCodes>
          <ConnectionRoleObjectTypeCode>
            <connectionroleobjecttypecodeid>{dda2768a-5f9d-eb11-b1ac-000d3a36127a}</connectionroleobjecttypecodeid>
            <associatedobjecttypecode>contact</associatedobjecttypecode>
          </ConnectionRoleObjectTypeCode>
        </ConnectionRoleObjectTypeCodes>
      </ConnectionRole>
      <ConnectionRole>
        <connectionroleid>{8e9c8a91-5f9d-eb11-b1ac-000d3a36127a}</connectionroleid>
        <name>Vision</name>
        <category>494280001</category>
        <IsCustomizable>1</IsCustomizable>
        <IntroducedVersion>3.1.3.5</IntroducedVersion>
        <ConnectionRoleObjectTypeCodes>
          <ConnectionRoleObjectTypeCode>
            <connectionroleobjecttypecodeid>{939c8a91-5f9d-eb11-b1ac-000d3a36127a}</connectionroleobjecttypecodeid>
            <associatedobjecttypecode>contact</associatedobjecttypecode>
          </ConnectionRoleObjectTypeCode>
        </ConnectionRoleObjectTypeCodes>
      </ConnectionRole>
      <ConnectionRole>
        <connectionroleid>{6d01039e-5f9d-eb11-b1ac-000d3a36127a}</connectionroleid>
        <name>Paraprofessional Educator</name>
        <category>494280001</category>
        <IsCustomizable>1</IsCustomizable>
        <IntroducedVersion>3.1.3.5</IntroducedVersion>
        <ConnectionRoleObjectTypeCodes>
          <ConnectionRoleObjectTypeCode>
            <connectionroleobjecttypecodeid>{7101039e-5f9d-eb11-b1ac-000d3a36127a}</connectionroleobjecttypecodeid>
            <associatedobjecttypecode>contact</associatedobjecttypecode>
          </ConnectionRoleObjectTypeCode>
        </ConnectionRoleObjectTypeCodes>
      </ConnectionRole>
      <ConnectionRole>
        <connectionroleid>{842e26a4-5f9d-eb11-b1ac-000d3a36127a}</connectionroleid>
        <name>Teacher Assistant</name>
        <category>494280001</category>
        <IsCustomizable>1</IsCustomizable>
        <IntroducedVersion>3.1.3.5</IntroducedVersion>
        <ConnectionRoleObjectTypeCodes>
          <ConnectionRoleObjectTypeCode>
            <connectionroleobjecttypecodeid>{8a2e26a4-5f9d-eb11-b1ac-000d3a36127a}</connectionroleobjecttypecodeid>
            <associatedobjecttypecode>contact</associatedobjecttypecode>
          </ConnectionRoleObjectTypeCode>
        </ConnectionRoleObjectTypeCodes>
      </ConnectionRole>
      <ConnectionRole>
        <connectionroleid>{159209ac-5f9d-eb11-b1ac-000d3a36127a}</connectionroleid>
        <name>Staff</name>
        <category>494280001</category>
        <IsCustomizable>1</IsCustomizable>
        <IntroducedVersion>3.1.3.5</IntroducedVersion>
        <ConnectionRoleObjectTypeCodes>
          <ConnectionRoleObjectTypeCode>
            <connectionroleobjecttypecodeid>{199209ac-5f9d-eb11-b1ac-000d3a36127a}</connectionroleobjecttypecodeid>
            <associatedobjecttypecode>contact</associatedobjecttypecode>
          </ConnectionRoleObjectTypeCode>
        </ConnectionRoleObjectTypeCodes>
      </ConnectionRole>
      <ConnectionRole>
        <connectionroleid>{ba18cab2-5f9d-eb11-b1ac-000d3a36127a}</connectionroleid>
        <name>Professor</name>
        <category>494280001</category>
        <IsCustomizable>1</IsCustomizable>
        <IntroducedVersion>3.1.3.5</IntroducedVersion>
        <ConnectionRoleObjectTypeCodes>
          <ConnectionRoleObjectTypeCode>
            <connectionroleobjecttypecodeid>{be18cab2-5f9d-eb11-b1ac-000d3a36127a}</connectionroleobjecttypecodeid>
            <associatedobjecttypecode>contact</associatedobjecttypecode>
          </ConnectionRoleObjectTypeCode>
        </ConnectionRoleObjectTypeCodes>
      </ConnectionRole>
      <ConnectionRole>
        <connectionroleid>{ab4bd9b9-5f9d-eb11-b1ac-000d3a36127a}</connectionroleid>
        <name>Researcher</name>
        <category>494280001</category>
        <IsCustomizable>1</IsCustomizable>
        <IntroducedVersion>3.1.3.5</IntroducedVersion>
        <ConnectionRoleObjectTypeCodes>
          <ConnectionRoleObjectTypeCode>
            <connectionroleobjecttypecodeid>{af4bd9b9-5f9d-eb11-b1ac-000d3a36127a}</connectionroleobjecttypecodeid>
            <associatedobjecttypecode>contact</associatedobjecttypecode>
          </ConnectionRoleObjectTypeCode>
        </ConnectionRoleObjectTypeCodes>
      </ConnectionRole>
      <ConnectionRole>
        <connectionroleid>{b73720c0-5f9d-eb11-b1ac-000d3a36127a}</connectionroleid>
        <name>Lecturer</name>
        <category>494280001</category>
        <IsCustomizable>1</IsCustomizable>
        <IntroducedVersion>3.1.3.5</IntroducedVersion>
        <ConnectionRoleObjectTypeCodes>
          <ConnectionRoleObjectTypeCode>
            <connectionroleobjecttypecodeid>{bf3720c0-5f9d-eb11-b1ac-000d3a36127a}</connectionroleobjecttypecodeid>
            <associatedobjecttypecode>contact</associatedobjecttypecode>
          </ConnectionRoleObjectTypeCode>
        </ConnectionRoleObjectTypeCodes>
      </ConnectionRole>
      <ConnectionRole>
        <connectionroleid>{613b3cc6-5f9d-eb11-b1ac-000d3a36127a}</connectionroleid>
        <name>Affiliate</name>
        <category>494280001</category>
        <IsCustomizable>1</IsCustomizable>
        <IntroducedVersion>3.1.3.5</IntroducedVersion>
        <ConnectionRoleObjectTypeCodes>
          <ConnectionRoleObjectTypeCode>
            <connectionroleobjecttypecodeid>{653b3cc6-5f9d-eb11-b1ac-000d3a36127a}</connectionroleobjecttypecodeid>
            <associatedobjecttypecode>contact</associatedobjecttypecode>
          </ConnectionRoleObjectTypeCode>
        </ConnectionRoleObjectTypeCodes>
      </ConnectionRole>
      <ConnectionRole>
        <connectionroleid>{48a45acc-5f9d-eb11-b1ac-000d3a36127a}</connectionroleid>
        <name>Adjunct</name>
        <category>494280001</category>
        <IsCustomizable>1</IsCustomizable>
        <IntroducedVersion>3.1.3.5</IntroducedVersion>
        <ConnectionRoleObjectTypeCodes>
          <ConnectionRoleObjectTypeCode>
            <connectionroleobjecttypecodeid>{4ca45acc-5f9d-eb11-b1ac-000d3a36127a}</connectionroleobjecttypecodeid>
            <associatedobjecttypecode>contact</associatedobjecttypecode>
          </ConnectionRoleObjectTypeCode>
        </ConnectionRoleObjectTypeCodes>
      </ConnectionRole>
      <ConnectionRole>
        <connectionroleid>{65bb6ad2-5f9d-eb11-b1ac-000d3a36127a}</connectionroleid>
        <name>Alumni</name>
        <category>494280001</category>
        <IsCustomizable>1</IsCustomizable>
        <IntroducedVersion>3.1.3.5</IntroducedVersion>
        <ConnectionRoleObjectTypeCodes>
          <ConnectionRoleObjectTypeCode>
            <connectionroleobjecttypecodeid>{6abb6ad2-5f9d-eb11-b1ac-000d3a36127a}</connectionroleobjecttypecodeid>
            <associatedobjecttypecode>contact</associatedobjecttypecode>
          </ConnectionRoleObjectTypeCode>
        </ConnectionRoleObjectTypeCodes>
      </ConnectionRole>
      <ConnectionRole>
        <connectionroleid>{ad36b8de-5f9d-eb11-b1ac-000d3a36127a}</connectionroleid>
        <name>Instructor</name>
        <category>494280001</category>
        <IsCustomizable>1</IsCustomizable>
        <IntroducedVersion>3.1.3.5</IntroducedVersion>
        <ConnectionRoleObjectTypeCodes>
          <ConnectionRoleObjectTypeCode>
            <connectionroleobjecttypecodeid>{b136b8de-5f9d-eb11-b1ac-000d3a36127a}</connectionroleobjecttypecodeid>
            <associatedobjecttypecode>contact</associatedobjecttypecode>
          </ConnectionRoleObjectTypeCode>
        </ConnectionRoleObjectTypeCodes>
      </ConnectionRole>
      <ConnectionRole>
        <connectionroleid>{c98420e5-5f9d-eb11-b1ac-000d3a36127a}</connectionroleid>
        <name>Chair</name>
        <category>494280001</category>
        <IsCustomizable>1</IsCustomizable>
        <IntroducedVersion>3.1.3.5</IntroducedVersion>
        <ConnectionRoleObjectTypeCodes>
          <ConnectionRoleObjectTypeCode>
            <connectionroleobjecttypecodeid>{cd8420e5-5f9d-eb11-b1ac-000d3a36127a}</connectionroleobjecttypecodeid>
            <associatedobjecttypecode>contact</associatedobjecttypecode>
          </ConnectionRoleObjectTypeCode>
        </ConnectionRoleObjectTypeCodes>
      </ConnectionRole>
      <ConnectionRole>
        <connectionroleid>{803234f7-5f9d-eb11-b1ac-000d3a36127a}</connectionroleid>
        <name>Advisor</name>
        <category>494280001</category>
        <IsCustomizable>1</IsCustomizable>
        <IntroducedVersion>3.1.3.5</IntroducedVersion>
        <ConnectionRoleObjectTypeCodes>
          <ConnectionRoleObjectTypeCode>
            <connectionroleobjecttypecodeid>{853234f7-5f9d-eb11-b1ac-000d3a36127a}</connectionroleobjecttypecodeid>
            <associatedobjecttypecode>contact</associatedobjecttypecode>
          </ConnectionRoleObjectTypeCode>
        </ConnectionRoleObjectTypeCodes>
      </ConnectionRole>
      <ConnectionRole>
        <connectionroleid>{cfab46fd-5f9d-eb11-b1ac-000d3a36127a}</connectionroleid>
        <name>Faculty</name>
        <category>494280001</category>
        <IsCustomizable>1</IsCustomizable>
        <IntroducedVersion>3.1.3.5</IntroducedVersion>
        <ConnectionRoleObjectTypeCodes>
          <ConnectionRoleObjectTypeCode>
            <connectionroleobjecttypecodeid>{d3ab46fd-5f9d-eb11-b1ac-000d3a36127a}</connectionroleobjecttypecodeid>
            <associatedobjecttypecode>contact</associatedobjecttypecode>
          </ConnectionRoleObjectTypeCode>
        </ConnectionRoleObjectTypeCodes>
      </ConnectionRole>
      <ConnectionRole>
        <connectionroleid>{7d3a4d03-609d-eb11-b1ac-000d3a36127a}</connectionroleid>
        <name>Substitute</name>
        <category>494280001</category>
        <IsCustomizable>1</IsCustomizable>
        <IntroducedVersion>3.1.3.5</IntroducedVersion>
        <ConnectionRoleObjectTypeCodes>
          <ConnectionRoleObjectTypeCode>
            <connectionroleobjecttypecodeid>{823a4d03-609d-eb11-b1ac-000d3a36127a}</connectionroleobjecttypecodeid>
            <associatedobjecttypecode>contact</associatedobjecttypecode>
          </ConnectionRoleObjectTypeCode>
        </ConnectionRoleObjectTypeCodes>
      </ConnectionRole>
      <ConnectionRole>
        <connectionroleid>{61c00d0a-609d-eb11-b1ac-000d3a36127a}</connectionroleid>
        <name>Principal</name>
        <category>494280001</category>
        <IsCustomizable>1</IsCustomizable>
        <IntroducedVersion>3.1.3.5</IntroducedVersion>
        <ConnectionRoleObjectTypeCodes>
          <ConnectionRoleObjectTypeCode>
            <connectionroleobjecttypecodeid>{67c00d0a-609d-eb11-b1ac-000d3a36127a}</connectionroleobjecttypecodeid>
            <associatedobjecttypecode>contact</associatedobjecttypecode>
          </ConnectionRoleObjectTypeCode>
        </ConnectionRoleObjectTypeCodes>
      </ConnectionRole>
      <ConnectionRole>
        <connectionroleid>{84091f1c-609d-eb11-b1ac-000d3a36127a}</connectionroleid>
        <name>Special Services</name>
        <category>494280001</category>
        <IsCustomizable>1</IsCustomizable>
        <IntroducedVersion>3.1.3.5</IntroducedVersion>
        <ConnectionRoleObjectTypeCodes>
          <ConnectionRoleObjectTypeCode>
            <connectionroleobjecttypecodeid>{88091f1c-609d-eb11-b1ac-000d3a36127a}</connectionroleobjecttypecodeid>
            <associatedobjecttypecode>contact</associatedobjecttypecode>
          </ConnectionRoleObjectTypeCode>
        </ConnectionRoleObjectTypeCodes>
      </ConnectionRole>
      <ConnectionRole>
        <connectionroleid>{d65c4922-609d-eb11-b1ac-000d3a36127a}</connectionroleid>
        <name>Coach</name>
        <category>494280001</category>
        <IsCustomizable>1</IsCustomizable>
        <IntroducedVersion>3.1.3.5</IntroducedVersion>
        <ConnectionRoleObjectTypeCodes>
          <ConnectionRoleObjectTypeCode>
            <connectionroleobjecttypecodeid>{da5c4922-609d-eb11-b1ac-000d3a36127a}</connectionroleobjecttypecodeid>
            <associatedobjecttypecode>contact</associatedobjecttypecode>
          </ConnectionRoleObjectTypeCode>
        </ConnectionRoleObjectTypeCodes>
      </ConnectionRole>
      <ConnectionRole>
        <connectionroleid>{81604628-609d-eb11-b1ac-000d3a36127a}</connectionroleid>
        <name>Assistant</name>
        <category>494280001</category>
        <IsCustomizable>1</IsCustomizable>
        <IntroducedVersion>3.1.3.5</IntroducedVersion>
        <ConnectionRoleObjectTypeCodes>
          <ConnectionRoleObjectTypeCode>
            <connectionroleobjecttypecodeid>{88604628-609d-eb11-b1ac-000d3a36127a}</connectionroleobjecttypecodeid>
            <associatedobjecttypecode>contact</associatedobjecttypecode>
          </ConnectionRoleObjectTypeCode>
        </ConnectionRoleObjectTypeCodes>
      </ConnectionRole>
      <ConnectionRole>
        <connectionroleid>{afa7ec2e-609d-eb11-b1ac-000d3a36127a}</connectionroleid>
        <name>Parent</name>
        <category>494280001</category>
        <IsCustomizable>1</IsCustomizable>
        <IntroducedVersion>3.1.3.5</IntroducedVersion>
        <ConnectionRoleObjectTypeCodes>
          <ConnectionRoleObjectTypeCode>
            <connectionroleobjecttypecodeid>{b3a7ec2e-609d-eb11-b1ac-000d3a36127a}</connectionroleobjecttypecodeid>
            <associatedobjecttypecode>contact</associatedobjecttypecode>
          </ConnectionRoleObjectTypeCode>
        </ConnectionRoleObjectTypeCodes>
      </ConnectionRole>
      <ConnectionRole>
        <connectionroleid>{3dfdf734-609d-eb11-b1ac-000d3a36127a}</connectionroleid>
        <name>Relative</name>
        <category>494280001</category>
        <IsCustomizable>1</IsCustomizable>
        <IntroducedVersion>3.1.3.5</IntroducedVersion>
        <ConnectionRoleObjectTypeCodes>
          <ConnectionRoleObjectTypeCode>
            <connectionroleobjecttypecodeid>{48fdf734-609d-eb11-b1ac-000d3a36127a}</connectionroleobjecttypecodeid>
            <associatedobjecttypecode>contact</associatedobjecttypecode>
          </ConnectionRoleObjectTypeCode>
        </ConnectionRoleObjectTypeCodes>
      </ConnectionRole>
      <ConnectionRole>
        <connectionroleid>{29ac813b-609d-eb11-b1ac-000d3a36127a}</connectionroleid>
        <name>Doctor</name>
        <category>494280001</category>
        <IsCustomizable>1</IsCustomizable>
        <IntroducedVersion>3.1.3.5</IntroducedVersion>
        <ConnectionRoleObjectTypeCodes>
          <ConnectionRoleObjectTypeCode>
            <connectionroleobjecttypecodeid>{2dac813b-609d-eb11-b1ac-000d3a36127a}</connectionroleobjecttypecodeid>
            <associatedobjecttypecode>contact</associatedobjecttypecode>
          </ConnectionRoleObjectTypeCode>
        </ConnectionRoleObjectTypeCodes>
      </ConnectionRole>
      <ConnectionRole>
        <connectionroleid>{5de9d641-609d-eb11-b1ac-000d3a36127a}</connectionroleid>
        <name>Guardian</name>
        <category>494280001</category>
        <IsCustomizable>1</IsCustomizable>
        <IntroducedVersion>3.1.3.5</IntroducedVersion>
        <ConnectionRoleObjectTypeCodes>
          <ConnectionRoleObjectTypeCode>
            <connectionroleobjecttypecodeid>{63e9d641-609d-eb11-b1ac-000d3a36127a}</connectionroleobjecttypecodeid>
            <associatedobjecttypecode>contact</associatedobjecttypecode>
          </ConnectionRoleObjectTypeCode>
        </ConnectionRoleObjectTypeCodes>
      </ConnectionRole>
      <ConnectionRole>
        <connectionroleid>{36f3ef4d-609d-eb11-b1ac-000d3a36127a}</connectionroleid>
        <name>Other</name>
        <category>494280001</category>
        <IsCustomizable>1</IsCustomizable>
        <IntroducedVersion>3.1.3.5</IntroducedVersion>
        <ConnectionRoleObjectTypeCodes>
          <ConnectionRoleObjectTypeCode>
            <connectionroleobjecttypecodeid>{3bf3ef4d-609d-eb11-b1ac-000d3a36127a}</connectionroleobjecttypecodeid>
            <associatedobjecttypecode>contact</associatedobjecttypecode>
          </ConnectionRoleObjectTypeCode>
        </ConnectionRoleObjectTypeCodes>
      </ConnectionRole>
      <ConnectionRole>
        <connectionroleid>{a7b9285b-d29d-eb11-b1ac-000d3a36127a}</connectionroleid>
        <name>Patient</name>
        <category>494280001</category>
        <IsCustomizable>1</IsCustomizable>
        <IntroducedVersion>3.1.3.5</IntroducedVersion>
        <ConnectionRoleObjectTypeCodes>
          <ConnectionRoleObjectTypeCode>
            <connectionroleobjecttypecodeid>{abb9285b-d29d-eb11-b1ac-000d3a36127a}</connectionroleobjecttypecodeid>
            <associatedobjecttypecode>contact</associatedobjecttypecode>
          </ConnectionRoleObjectTypeCode>
        </ConnectionRoleObjectTypeCodes>
      </ConnectionRole>
      <ConnectionRole>
        <connectionroleid>{adb93507-43b7-eb11-8236-000d3a5a5e23}</connectionroleid>
        <name>School</name>
        <category>494280001</category>
        <IsCustomizable>1</IsCustomizable>
        <IntroducedVersion>3.1.3.1</IntroducedVersion>
        <ConnectionRoleObjectTypeCodes>
          <ConnectionRoleObjectTypeCode>
            <connectionroleobjecttypecodeid>{b7b93507-43b7-eb11-8236-000d3a5a5e23}</connectionroleobjecttypecodeid>
            <associatedobjecttypecode>account</associatedobjecttypecode>
          </ConnectionRoleObjectTypeCode>
        </ConnectionRoleObjectTypeCodes>
      </ConnectionRole>
      <ConnectionRole>
        <connectionroleid>{f59b8e19-43b7-eb11-8236-000d3a5a5e23}</connectionroleid>
        <name>Course</name>
        <category>494280001</category>
        <IsCustomizable>1</IsCustomizable>
        <IntroducedVersion>3.1.3.1</IntroducedVersion>
        <ConnectionRoleObjectTypeCodes>
          <ConnectionRoleObjectTypeCode>
            <connectionroleobjecttypecodeid>{f99b8e19-43b7-eb11-8236-000d3a5a5e23}</connectionroleobjecttypecodeid>
            <associatedobjecttypecode>mshied_course</associatedobjecttypecode>
          </ConnectionRoleObjectTypeCode>
        </ConnectionRoleObjectTypeCodes>
      </ConnectionRole>
      <ConnectionRole>
        <connectionroleid>{54266933-43b7-eb11-8236-000d3a5a5e23}</connectionroleid>
        <name>Course Section</name>
        <category>494280001</category>
        <IsCustomizable>1</IsCustomizable>
        <IntroducedVersion>3.1.3.1</IntroducedVersion>
        <ConnectionRoleObjectTypeCodes>
          <ConnectionRoleObjectTypeCode>
            <connectionroleobjecttypecodeid>{5b266933-43b7-eb11-8236-000d3a5a5e23}</connectionroleobjecttypecodeid>
            <associatedobjecttypecode>mshied_coursesection</associatedobjecttypecode>
          </ConnectionRoleObjectTypeCode>
        </ConnectionRoleObjectTypeCodes>
      </ConnectionRole>
    </ConnectionRoles>
    <ConnectionRoleAssociations>
      <ConnectionRoleAssociation>
        <connectionroleid>{3dfdf734-609d-eb11-b1ac-000d3a36127a}</connectionroleid>
        <associatedconnectionroleid>{3dfdf734-609d-eb11-b1ac-000d3a36127a}</associatedconnectionroleid>
      </ConnectionRoleAssociation>
      <ConnectionRoleAssociation>
        <connectionroleid>{a7b9285b-d29d-eb11-b1ac-000d3a36127a}</connectionroleid>
        <associatedconnectionroleid>{29ac813b-609d-eb11-b1ac-000d3a36127a}</associatedconnectionroleid>
      </ConnectionRoleAssociation>
      <ConnectionRoleAssociation>
        <connectionroleid>{bf2f3115-5f9d-eb11-b1ac-000d3a36127a}</connectionroleid>
        <associatedconnectionroleid>{5de9d641-609d-eb11-b1ac-000d3a36127a}</associatedconnectionroleid>
      </ConnectionRoleAssociation>
      <ConnectionRoleAssociation>
        <connectionroleid>{adb93507-43b7-eb11-8236-000d3a5a5e23}</connectionroleid>
        <associatedconnectionroleid>{6d01039e-5f9d-eb11-b1ac-000d3a36127a}</associatedconnectionroleid>
      </ConnectionRoleAssociation>
      <ConnectionRoleAssociation>
        <connectionroleid>{f59b8e19-43b7-eb11-8236-000d3a5a5e23}</connectionroleid>
        <associatedconnectionroleid>{6d01039e-5f9d-eb11-b1ac-000d3a36127a}</associatedconnectionroleid>
      </ConnectionRoleAssociation>
      <ConnectionRoleAssociation>
        <connectionroleid>{54266933-43b7-eb11-8236-000d3a5a5e23}</connectionroleid>
        <associatedconnectionroleid>{6d01039e-5f9d-eb11-b1ac-000d3a36127a}</associatedconnectionroleid>
      </ConnectionRoleAssociation>
      <ConnectionRoleAssociation>
        <connectionroleid>{adb93507-43b7-eb11-8236-000d3a5a5e23}</connectionroleid>
        <associatedconnectionroleid>{afa7ec2e-609d-eb11-b1ac-000d3a36127a}</associatedconnectionroleid>
      </ConnectionRoleAssociation>
      <ConnectionRoleAssociation>
        <connectionroleid>{afa7ec2e-609d-eb11-b1ac-000d3a36127a}</connectionroleid>
        <associatedconnectionroleid>{df0bf69f-333c-4e9b-86e7-4ff737bc9343}</associatedconnectionroleid>
      </ConnectionRoleAssociation>
      <ConnectionRoleAssociation>
        <connectionroleid>{adb93507-43b7-eb11-8236-000d3a5a5e23}</connectionroleid>
        <associatedconnectionroleid>{36f3ef4d-609d-eb11-b1ac-000d3a36127a}</associatedconnectionroleid>
      </ConnectionRoleAssociation>
      <ConnectionRoleAssociation>
        <connectionroleid>{f59b8e19-43b7-eb11-8236-000d3a5a5e23}</connectionroleid>
        <associatedconnectionroleid>{36f3ef4d-609d-eb11-b1ac-000d3a36127a}</associatedconnectionroleid>
      </ConnectionRoleAssociation>
      <ConnectionRoleAssociation>
        <connectionroleid>{54266933-43b7-eb11-8236-000d3a5a5e23}</connectionroleid>
        <associatedconnectionroleid>{36f3ef4d-609d-eb11-b1ac-000d3a36127a}</associatedconnectionroleid>
      </ConnectionRoleAssociation>
      <ConnectionRoleAssociation>
        <connectionroleid>{adb93507-43b7-eb11-8236-000d3a5a5e23}</connectionroleid>
        <associatedconnectionroleid>{dbeb5a81-5f9d-eb11-b1ac-000d3a36127a}</associatedconnectionroleid>
      </ConnectionRoleAssociation>
      <ConnectionRoleAssociation>
        <connectionroleid>{f59b8e19-43b7-eb11-8236-000d3a5a5e23}</connectionroleid>
        <associatedconnectionroleid>{dbeb5a81-5f9d-eb11-b1ac-000d3a36127a}</associatedconnectionroleid>
      </ConnectionRoleAssociation>
      <ConnectionRoleAssociation>
        <connectionroleid>{54266933-43b7-eb11-8236-000d3a5a5e23}</connectionroleid>
        <associatedconnectionroleid>{dbeb5a81-5f9d-eb11-b1ac-000d3a36127a}</associatedconnectionroleid>
      </ConnectionRoleAssociation>
      <ConnectionRoleAssociation>
        <connectionroleid>{adb93507-43b7-eb11-8236-000d3a5a5e23}</connectionroleid>
        <associatedconnectionroleid>{61c00d0a-609d-eb11-b1ac-000d3a36127a}</associatedconnectionroleid>
      </ConnectionRoleAssociation>
      <ConnectionRoleAssociation>
        <connectionroleid>{f59b8e19-43b7-eb11-8236-000d3a5a5e23}</connectionroleid>
        <associatedconnectionroleid>{61c00d0a-609d-eb11-b1ac-000d3a36127a}</associatedconnectionroleid>
      </ConnectionRoleAssociation>
      <ConnectionRoleAssociation>
        <connectionroleid>{54266933-43b7-eb11-8236-000d3a5a5e23}</connectionroleid>
        <associatedconnectionroleid>{61c00d0a-609d-eb11-b1ac-000d3a36127a}</associatedconnectionroleid>
      </ConnectionRoleAssociation>
      <ConnectionRoleAssociation>
        <connectionroleid>{adb93507-43b7-eb11-8236-000d3a5a5e23}</connectionroleid>
        <associatedconnectionroleid>{73b41034-5f9d-eb11-b1ac-000d3a36127a}</associatedconnectionroleid>
      </ConnectionRoleAssociation>
      <ConnectionRoleAssociation>
        <connectionroleid>{f59b8e19-43b7-eb11-8236-000d3a5a5e23}</connectionroleid>
        <associatedconnectionroleid>{73b41034-5f9d-eb11-b1ac-000d3a36127a}</associatedconnectionroleid>
      </ConnectionRoleAssociation>
      <ConnectionRoleAssociation>
        <connectionroleid>{54266933-43b7-eb11-8236-000d3a5a5e23}</connectionroleid>
        <associatedconnectionroleid>{73b41034-5f9d-eb11-b1ac-000d3a36127a}</associatedconnectionroleid>
      </ConnectionRoleAssociation>
      <ConnectionRoleAssociation>
        <connectionroleid>{adb93507-43b7-eb11-8236-000d3a5a5e23}</connectionroleid>
        <associatedconnectionroleid>{ba18cab2-5f9d-eb11-b1ac-000d3a36127a}</associatedconnectionroleid>
      </ConnectionRoleAssociation>
      <ConnectionRoleAssociation>
        <connectionroleid>{f59b8e19-43b7-eb11-8236-000d3a5a5e23}</connectionroleid>
        <associatedconnectionroleid>{ba18cab2-5f9d-eb11-b1ac-000d3a36127a}</associatedconnectionroleid>
      </ConnectionRoleAssociation>
      <ConnectionRoleAssociation>
        <connectionroleid>{54266933-43b7-eb11-8236-000d3a5a5e23}</connectionroleid>
        <associatedconnectionroleid>{ba18cab2-5f9d-eb11-b1ac-000d3a36127a}</associatedconnectionroleid>
      </ConnectionRoleAssociation>
      <ConnectionRoleAssociation>
        <connectionroleid>{adb93507-43b7-eb11-8236-000d3a5a5e23}</connectionroleid>
        <associatedconnectionroleid>{3dfdf734-609d-eb11-b1ac-000d3a36127a}</associatedconnectionroleid>
      </ConnectionRoleAssociation>
      <ConnectionRoleAssociation>
        <connectionroleid>{adb93507-43b7-eb11-8236-000d3a5a5e23}</connectionroleid>
        <associatedconnectionroleid>{ab4bd9b9-5f9d-eb11-b1ac-000d3a36127a}</associatedconnectionroleid>
      </ConnectionRoleAssociation>
      <ConnectionRoleAssociation>
        <connectionroleid>{adb93507-43b7-eb11-8236-000d3a5a5e23}</connectionroleid>
        <associatedconnectionroleid>{84091f1c-609d-eb11-b1ac-000d3a36127a}</associatedconnectionroleid>
      </ConnectionRoleAssociation>
      <ConnectionRoleAssociation>
        <connectionroleid>{f59b8e19-43b7-eb11-8236-000d3a5a5e23}</connectionroleid>
        <associatedconnectionroleid>{84091f1c-609d-eb11-b1ac-000d3a36127a}</associatedconnectionroleid>
      </ConnectionRoleAssociation>
      <ConnectionRoleAssociation>
        <connectionroleid>{54266933-43b7-eb11-8236-000d3a5a5e23}</connectionroleid>
        <associatedconnectionroleid>{84091f1c-609d-eb11-b1ac-000d3a36127a}</associatedconnectionroleid>
      </ConnectionRoleAssociation>
      <ConnectionRoleAssociation>
        <connectionroleid>{adb93507-43b7-eb11-8236-000d3a5a5e23}</connectionroleid>
        <associatedconnectionroleid>{d9a2768a-5f9d-eb11-b1ac-000d3a36127a}</associatedconnectionroleid>
      </ConnectionRoleAssociation>
      <ConnectionRoleAssociation>
        <connectionroleid>{f59b8e19-43b7-eb11-8236-000d3a5a5e23}</connectionroleid>
        <associatedconnectionroleid>{d9a2768a-5f9d-eb11-b1ac-000d3a36127a}</associatedconnectionroleid>
      </ConnectionRoleAssociation>
      <ConnectionRoleAssociation>
        <connectionroleid>{54266933-43b7-eb11-8236-000d3a5a5e23}</connectionroleid>
        <associatedconnectionroleid>{d9a2768a-5f9d-eb11-b1ac-000d3a36127a}</associatedconnectionroleid>
      </ConnectionRoleAssociation>
      <ConnectionRoleAssociation>
        <connectionroleid>{adb93507-43b7-eb11-8236-000d3a5a5e23}</connectionroleid>
        <associatedconnectionroleid>{159209ac-5f9d-eb11-b1ac-000d3a36127a}</associatedconnectionroleid>
      </ConnectionRoleAssociation>
      <ConnectionRoleAssociation>
        <connectionroleid>{adb93507-43b7-eb11-8236-000d3a5a5e23}</connectionroleid>
        <associatedconnectionroleid>{bf2f3115-5f9d-eb11-b1ac-000d3a36127a}</associatedconnectionroleid>
      </ConnectionRoleAssociation>
      <ConnectionRoleAssociation>
        <connectionroleid>{f59b8e19-43b7-eb11-8236-000d3a5a5e23}</connectionroleid>
        <associatedconnectionroleid>{bf2f3115-5f9d-eb11-b1ac-000d3a36127a}</associatedconnectionroleid>
      </ConnectionRoleAssociation>
      <ConnectionRoleAssociation>
        <connectionroleid>{54266933-43b7-eb11-8236-000d3a5a5e23}</connectionroleid>
        <associatedconnectionroleid>{bf2f3115-5f9d-eb11-b1ac-000d3a36127a}</associatedconnectionroleid>
      </ConnectionRoleAssociation>
      <ConnectionRoleAssociation>
        <connectionroleid>{f59b8e19-43b7-eb11-8236-000d3a5a5e23}</connectionroleid>
        <associatedconnectionroleid>{8af48140-5f9d-eb11-b1ac-000d3a36127a}</associatedconnectionroleid>
      </ConnectionRoleAssociation>
      <ConnectionRoleAssociation>
        <connectionroleid>{54266933-43b7-eb11-8236-000d3a5a5e23}</connectionroleid>
        <associatedconnectionroleid>{8af48140-5f9d-eb11-b1ac-000d3a36127a}</associatedconnectionroleid>
      </ConnectionRoleAssociation>
      <ConnectionRoleAssociation>
        <connectionroleid>{adb93507-43b7-eb11-8236-000d3a5a5e23}</connectionroleid>
        <associatedconnectionroleid>{8af48140-5f9d-eb11-b1ac-000d3a36127a}</associatedconnectionroleid>
      </ConnectionRoleAssociation>
      <ConnectionRoleAssociation>
        <connectionroleid>{f59b8e19-43b7-eb11-8236-000d3a5a5e23}</connectionroleid>
        <associatedconnectionroleid>{842e26a4-5f9d-eb11-b1ac-000d3a36127a}</associatedconnectionroleid>
      </ConnectionRoleAssociation>
      <ConnectionRoleAssociation>
        <connectionroleid>{54266933-43b7-eb11-8236-000d3a5a5e23}</connectionroleid>
        <associatedconnectionroleid>{842e26a4-5f9d-eb11-b1ac-000d3a36127a}</associatedconnectionroleid>
      </ConnectionRoleAssociation>
      <ConnectionRoleAssociation>
        <connectionroleid>{adb93507-43b7-eb11-8236-000d3a5a5e23}</connectionroleid>
        <associatedconnectionroleid>{842e26a4-5f9d-eb11-b1ac-000d3a36127a}</associatedconnectionroleid>
      </ConnectionRoleAssociation>
      <ConnectionRoleAssociation>
        <connectionroleid>{f59b8e19-43b7-eb11-8236-000d3a5a5e23}</connectionroleid>
        <associatedconnectionroleid>{48a45acc-5f9d-eb11-b1ac-000d3a36127a}</associatedconnectionroleid>
      </ConnectionRoleAssociation>
      <ConnectionRoleAssociation>
        <connectionroleid>{54266933-43b7-eb11-8236-000d3a5a5e23}</connectionroleid>
        <associatedconnectionroleid>{48a45acc-5f9d-eb11-b1ac-000d3a36127a}</associatedconnectionroleid>
      </ConnectionRoleAssociation>
      <ConnectionRoleAssociation>
        <connectionroleid>{adb93507-43b7-eb11-8236-000d3a5a5e23}</connectionroleid>
        <associatedconnectionroleid>{48a45acc-5f9d-eb11-b1ac-000d3a36127a}</associatedconnectionroleid>
      </ConnectionRoleAssociation>
      <ConnectionRoleAssociation>
        <connectionroleid>{f59b8e19-43b7-eb11-8236-000d3a5a5e23}</connectionroleid>
        <associatedconnectionroleid>{285ca046-5f9d-eb11-b1ac-000d3a36127a}</associatedconnectionroleid>
      </ConnectionRoleAssociation>
      <ConnectionRoleAssociation>
        <connectionroleid>{54266933-43b7-eb11-8236-000d3a5a5e23}</connectionroleid>
        <associatedconnectionroleid>{285ca046-5f9d-eb11-b1ac-000d3a36127a}</associatedconnectionroleid>
      </ConnectionRoleAssociation>
      <ConnectionRoleAssociation>
        <connectionroleid>{adb93507-43b7-eb11-8236-000d3a5a5e23}</connectionroleid>
        <associatedconnectionroleid>{285ca046-5f9d-eb11-b1ac-000d3a36127a}</associatedconnectionroleid>
      </ConnectionRoleAssociation>
      <ConnectionRoleAssociation>
        <connectionroleid>{f59b8e19-43b7-eb11-8236-000d3a5a5e23}</connectionroleid>
        <associatedconnectionroleid>{803234f7-5f9d-eb11-b1ac-000d3a36127a}</associatedconnectionroleid>
      </ConnectionRoleAssociation>
      <ConnectionRoleAssociation>
        <connectionroleid>{54266933-43b7-eb11-8236-000d3a5a5e23}</connectionroleid>
        <associatedconnectionroleid>{803234f7-5f9d-eb11-b1ac-000d3a36127a}</associatedconnectionroleid>
      </ConnectionRoleAssociation>
      <ConnectionRoleAssociation>
        <connectionroleid>{adb93507-43b7-eb11-8236-000d3a5a5e23}</connectionroleid>
        <associatedconnectionroleid>{803234f7-5f9d-eb11-b1ac-000d3a36127a}</associatedconnectionroleid>
      </ConnectionRoleAssociation>
      <ConnectionRoleAssociation>
        <connectionroleid>{f59b8e19-43b7-eb11-8236-000d3a5a5e23}</connectionroleid>
        <associatedconnectionroleid>{613b3cc6-5f9d-eb11-b1ac-000d3a36127a}</associatedconnectionroleid>
      </ConnectionRoleAssociation>
      <ConnectionRoleAssociation>
        <connectionroleid>{54266933-43b7-eb11-8236-000d3a5a5e23}</connectionroleid>
        <associatedconnectionroleid>{613b3cc6-5f9d-eb11-b1ac-000d3a36127a}</associatedconnectionroleid>
      </ConnectionRoleAssociation>
      <ConnectionRoleAssociation>
        <connectionroleid>{adb93507-43b7-eb11-8236-000d3a5a5e23}</connectionroleid>
        <associatedconnectionroleid>{613b3cc6-5f9d-eb11-b1ac-000d3a36127a}</associatedconnectionroleid>
      </ConnectionRoleAssociation>
      <ConnectionRoleAssociation>
        <connectionroleid>{f59b8e19-43b7-eb11-8236-000d3a5a5e23}</connectionroleid>
        <associatedconnectionroleid>{34a5462d-5f9d-eb11-b1ac-000d3a36127a}</associatedconnectionroleid>
      </ConnectionRoleAssociation>
      <ConnectionRoleAssociation>
        <connectionroleid>{54266933-43b7-eb11-8236-000d3a5a5e23}</connectionroleid>
        <associatedconnectionroleid>{34a5462d-5f9d-eb11-b1ac-000d3a36127a}</associatedconnectionroleid>
      </ConnectionRoleAssociation>
      <ConnectionRoleAssociation>
        <connectionroleid>{adb93507-43b7-eb11-8236-000d3a5a5e23}</connectionroleid>
        <associatedconnectionroleid>{34a5462d-5f9d-eb11-b1ac-000d3a36127a}</associatedconnectionroleid>
      </ConnectionRoleAssociation>
      <ConnectionRoleAssociation>
        <connectionroleid>{adb93507-43b7-eb11-8236-000d3a5a5e23}</connectionroleid>
        <associatedconnectionroleid>{65bb6ad2-5f9d-eb11-b1ac-000d3a36127a}</associatedconnectionroleid>
      </ConnectionRoleAssociation>
      <ConnectionRoleAssociation>
        <connectionroleid>{f59b8e19-43b7-eb11-8236-000d3a5a5e23}</connectionroleid>
        <associatedconnectionroleid>{65bb6ad2-5f9d-eb11-b1ac-000d3a36127a}</associatedconnectionroleid>
      </ConnectionRoleAssociation>
      <ConnectionRoleAssociation>
        <connectionroleid>{54266933-43b7-eb11-8236-000d3a5a5e23}</connectionroleid>
        <associatedconnectionroleid>{65bb6ad2-5f9d-eb11-b1ac-000d3a36127a}</associatedconnectionroleid>
      </ConnectionRoleAssociation>
      <ConnectionRoleAssociation>
        <connectionroleid>{adb93507-43b7-eb11-8236-000d3a5a5e23}</connectionroleid>
        <associatedconnectionroleid>{81604628-609d-eb11-b1ac-000d3a36127a}</associatedconnectionroleid>
      </ConnectionRoleAssociation>
      <ConnectionRoleAssociation>
        <connectionroleid>{f59b8e19-43b7-eb11-8236-000d3a5a5e23}</connectionroleid>
        <associatedconnectionroleid>{81604628-609d-eb11-b1ac-000d3a36127a}</associatedconnectionroleid>
      </ConnectionRoleAssociation>
      <ConnectionRoleAssociation>
        <connectionroleid>{54266933-43b7-eb11-8236-000d3a5a5e23}</connectionroleid>
        <associatedconnectionroleid>{81604628-609d-eb11-b1ac-000d3a36127a}</associatedconnectionroleid>
      </ConnectionRoleAssociation>
      <ConnectionRoleAssociation>
        <connectionroleid>{adb93507-43b7-eb11-8236-000d3a5a5e23}</connectionroleid>
        <associatedconnectionroleid>{c98420e5-5f9d-eb11-b1ac-000d3a36127a}</associatedconnectionroleid>
      </ConnectionRoleAssociation>
      <ConnectionRoleAssociation>
        <connectionroleid>{adb93507-43b7-eb11-8236-000d3a5a5e23}</connectionroleid>
        <associatedconnectionroleid>{d65c4922-609d-eb11-b1ac-000d3a36127a}</associatedconnectionroleid>
      </ConnectionRoleAssociation>
      <ConnectionRoleAssociation>
        <connectionroleid>{f59b8e19-43b7-eb11-8236-000d3a5a5e23}</connectionroleid>
        <associatedconnectionroleid>{d65c4922-609d-eb11-b1ac-000d3a36127a}</associatedconnectionroleid>
      </ConnectionRoleAssociation>
      <ConnectionRoleAssociation>
        <connectionroleid>{54266933-43b7-eb11-8236-000d3a5a5e23}</connectionroleid>
        <associatedconnectionroleid>{d65c4922-609d-eb11-b1ac-000d3a36127a}</associatedconnectionroleid>
      </ConnectionRoleAssociation>
      <ConnectionRoleAssociation>
        <connectionroleid>{adb93507-43b7-eb11-8236-000d3a5a5e23}</connectionroleid>
        <associatedconnectionroleid>{29ac813b-609d-eb11-b1ac-000d3a36127a}</associatedconnectionroleid>
      </ConnectionRoleAssociation>
      <ConnectionRoleAssociation>
        <connectionroleid>{f59b8e19-43b7-eb11-8236-000d3a5a5e23}</connectionroleid>
        <associatedconnectionroleid>{29ac813b-609d-eb11-b1ac-000d3a36127a}</associatedconnectionroleid>
      </ConnectionRoleAssociation>
      <ConnectionRoleAssociation>
        <connectionroleid>{54266933-43b7-eb11-8236-000d3a5a5e23}</connectionroleid>
        <associatedconnectionroleid>{29ac813b-609d-eb11-b1ac-000d3a36127a}</associatedconnectionroleid>
      </ConnectionRoleAssociation>
      <ConnectionRoleAssociation>
        <connectionroleid>{adb93507-43b7-eb11-8236-000d3a5a5e23}</connectionroleid>
        <associatedconnectionroleid>{cfab46fd-5f9d-eb11-b1ac-000d3a36127a}</associatedconnectionroleid>
      </ConnectionRoleAssociation>
      <ConnectionRoleAssociation>
        <connectionroleid>{f59b8e19-43b7-eb11-8236-000d3a5a5e23}</connectionroleid>
        <associatedconnectionroleid>{cfab46fd-5f9d-eb11-b1ac-000d3a36127a}</associatedconnectionroleid>
      </ConnectionRoleAssociation>
      <ConnectionRoleAssociation>
        <connectionroleid>{54266933-43b7-eb11-8236-000d3a5a5e23}</connectionroleid>
        <associatedconnectionroleid>{cfab46fd-5f9d-eb11-b1ac-000d3a36127a}</associatedconnectionroleid>
      </ConnectionRoleAssociation>
      <ConnectionRoleAssociation>
        <connectionroleid>{adb93507-43b7-eb11-8236-000d3a5a5e23}</connectionroleid>
        <associatedconnectionroleid>{5de9d641-609d-eb11-b1ac-000d3a36127a}</associatedconnectionroleid>
      </ConnectionRoleAssociation>
      <ConnectionRoleAssociation>
        <connectionroleid>{f59b8e19-43b7-eb11-8236-000d3a5a5e23}</connectionroleid>
        <associatedconnectionroleid>{5de9d641-609d-eb11-b1ac-000d3a36127a}</associatedconnectionroleid>
      </ConnectionRoleAssociation>
      <ConnectionRoleAssociation>
        <connectionroleid>{54266933-43b7-eb11-8236-000d3a5a5e23}</connectionroleid>
        <associatedconnectionroleid>{5de9d641-609d-eb11-b1ac-000d3a36127a}</associatedconnectionroleid>
      </ConnectionRoleAssociation>
      <ConnectionRoleAssociation>
        <connectionroleid>{adb93507-43b7-eb11-8236-000d3a5a5e23}</connectionroleid>
        <associatedconnectionroleid>{ad36b8de-5f9d-eb11-b1ac-000d3a36127a}</associatedconnectionroleid>
      </ConnectionRoleAssociation>
      <ConnectionRoleAssociation>
        <connectionroleid>{f59b8e19-43b7-eb11-8236-000d3a5a5e23}</connectionroleid>
        <associatedconnectionroleid>{ad36b8de-5f9d-eb11-b1ac-000d3a36127a}</associatedconnectionroleid>
      </ConnectionRoleAssociation>
      <ConnectionRoleAssociation>
        <connectionroleid>{54266933-43b7-eb11-8236-000d3a5a5e23}</connectionroleid>
        <associatedconnectionroleid>{ad36b8de-5f9d-eb11-b1ac-000d3a36127a}</associatedconnectionroleid>
      </ConnectionRoleAssociation>
      <ConnectionRoleAssociation>
        <connectionroleid>{adb93507-43b7-eb11-8236-000d3a5a5e23}</connectionroleid>
        <associatedconnectionroleid>{c2817a53-5f9d-eb11-b1ac-000d3a36127a}</associatedconnectionroleid>
      </ConnectionRoleAssociation>
      <ConnectionRoleAssociation>
        <connectionroleid>{f59b8e19-43b7-eb11-8236-000d3a5a5e23}</connectionroleid>
        <associatedconnectionroleid>{c2817a53-5f9d-eb11-b1ac-000d3a36127a}</associatedconnectionroleid>
      </ConnectionRoleAssociation>
      <ConnectionRoleAssociation>
        <connectionroleid>{54266933-43b7-eb11-8236-000d3a5a5e23}</connectionroleid>
        <associatedconnectionroleid>{c2817a53-5f9d-eb11-b1ac-000d3a36127a}</associatedconnectionroleid>
      </ConnectionRoleAssociation>
      <ConnectionRoleAssociation>
        <connectionroleid>{adb93507-43b7-eb11-8236-000d3a5a5e23}</connectionroleid>
        <associatedconnectionroleid>{b73720c0-5f9d-eb11-b1ac-000d3a36127a}</associatedconnectionroleid>
      </ConnectionRoleAssociation>
      <ConnectionRoleAssociation>
        <connectionroleid>{f59b8e19-43b7-eb11-8236-000d3a5a5e23}</connectionroleid>
        <associatedconnectionroleid>{b73720c0-5f9d-eb11-b1ac-000d3a36127a}</associatedconnectionroleid>
      </ConnectionRoleAssociation>
      <ConnectionRoleAssociation>
        <connectionroleid>{54266933-43b7-eb11-8236-000d3a5a5e23}</connectionroleid>
        <associatedconnectionroleid>{b73720c0-5f9d-eb11-b1ac-000d3a36127a}</associatedconnectionroleid>
      </ConnectionRoleAssociation>
      <ConnectionRoleAssociation>
        <connectionroleid>{adb93507-43b7-eb11-8236-000d3a5a5e23}</connectionroleid>
        <associatedconnectionroleid>{1a0b496d-5f9d-eb11-b1ac-000d3a36127a}</associatedconnectionroleid>
      </ConnectionRoleAssociation>
      <ConnectionRoleAssociation>
        <connectionroleid>{f59b8e19-43b7-eb11-8236-000d3a5a5e23}</connectionroleid>
        <associatedconnectionroleid>{1a0b496d-5f9d-eb11-b1ac-000d3a36127a}</associatedconnectionroleid>
      </ConnectionRoleAssociation>
      <ConnectionRoleAssociation>
        <connectionroleid>{54266933-43b7-eb11-8236-000d3a5a5e23}</connectionroleid>
        <associatedconnectionroleid>{1a0b496d-5f9d-eb11-b1ac-000d3a36127a}</associatedconnectionroleid>
      </ConnectionRoleAssociation>
      <ConnectionRoleAssociation>
        <connectionroleid>{adb93507-43b7-eb11-8236-000d3a5a5e23}</connectionroleid>
        <associatedconnectionroleid>{39e1ba73-5f9d-eb11-b1ac-000d3a36127a}</associatedconnectionroleid>
      </ConnectionRoleAssociation>
      <ConnectionRoleAssociation>
        <connectionroleid>{f59b8e19-43b7-eb11-8236-000d3a5a5e23}</connectionroleid>
        <associatedconnectionroleid>{39e1ba73-5f9d-eb11-b1ac-000d3a36127a}</associatedconnectionroleid>
      </ConnectionRoleAssociation>
      <ConnectionRoleAssociation>
        <connectionroleid>{54266933-43b7-eb11-8236-000d3a5a5e23}</connectionroleid>
        <associatedconnectionroleid>{39e1ba73-5f9d-eb11-b1ac-000d3a36127a}</associatedconnectionroleid>
      </ConnectionRoleAssociation>
      <ConnectionRoleAssociation>
        <connectionroleid>{adb93507-43b7-eb11-8236-000d3a5a5e23}</connectionroleid>
        <associatedconnectionroleid>{8e9c8a91-5f9d-eb11-b1ac-000d3a36127a}</associatedconnectionroleid>
      </ConnectionRoleAssociation>
      <ConnectionRoleAssociation>
        <connectionroleid>{f59b8e19-43b7-eb11-8236-000d3a5a5e23}</connectionroleid>
        <associatedconnectionroleid>{8e9c8a91-5f9d-eb11-b1ac-000d3a36127a}</associatedconnectionroleid>
      </ConnectionRoleAssociation>
      <ConnectionRoleAssociation>
        <connectionroleid>{54266933-43b7-eb11-8236-000d3a5a5e23}</connectionroleid>
        <associatedconnectionroleid>{8e9c8a91-5f9d-eb11-b1ac-000d3a36127a}</associatedconnectionroleid>
      </ConnectionRoleAssociation>
      <ConnectionRoleAssociation>
        <connectionroleid>{adb93507-43b7-eb11-8236-000d3a5a5e23}</connectionroleid>
        <associatedconnectionroleid>{7d3a4d03-609d-eb11-b1ac-000d3a36127a}</associatedconnectionroleid>
      </ConnectionRoleAssociation>
      <ConnectionRoleAssociation>
        <connectionroleid>{f59b8e19-43b7-eb11-8236-000d3a5a5e23}</connectionroleid>
        <associatedconnectionroleid>{7d3a4d03-609d-eb11-b1ac-000d3a36127a}</associatedconnectionroleid>
      </ConnectionRoleAssociation>
      <ConnectionRoleAssociation>
        <connectionroleid>{54266933-43b7-eb11-8236-000d3a5a5e23}</connectionroleid>
        <associatedconnectionroleid>{7d3a4d03-609d-eb11-b1ac-000d3a36127a}</associatedconnectionroleid>
      </ConnectionRoleAssociation>
    </ConnectionRoleAssociations>
  </ConnectionRoles>
  <EntityMaps />
  <EntityRelationships />
  <OrganizationSettings />
  <optionsets>
    <optionset Name="connectionrole_category" localizedName="Category" description="Categories for connection roles.">
      <OptionSetType>picklist</OptionSetType>
      <IsGlobal>1</IsGlobal>
      <IntroducedVersion>5.0.0.0</IntroducedVersion>
      <displaynames>
        <displayname description="Category" languagecode="1033" />
      </displaynames>
      <Descriptions>
        <Description description="Categories for connection roles." languagecode="1033" />
      </Descriptions>
      <options>
        <option value="1">
          <labels>
            <label description="Business" languagecode="1033" />
          </labels>
        </option>
        <option value="2">
          <labels>
            <label description="Family" languagecode="1033" />
          </labels>
        </option>
        <option value="3">
          <labels>
            <label description="Social" languagecode="1033" />
          </labels>
        </option>
        <option value="4">
          <labels>
            <label description="Sales" languagecode="1033" />
          </labels>
        </option>
        <option value="5">
          <labels>
            <label description="Other" languagecode="1033" />
          </labels>
        </option>
        <option value="1000">
          <labels>
            <label description="Stakeholder" languagecode="1033" />
          </labels>
        </option>
        <option value="1001">
          <labels>
            <label description="Sales Team" languagecode="1033" />
          </labels>
        </option>
        <option value="1002">
          <labels>
            <label description="Service" languagecode="1033" />
          </labels>
        </option>
        <option value="494280001">
          <labels>
            <label description="School" languagecode="1033" />
          </labels>
        </option>
        <option value="494280002">
          <labels>
            <label description="Class Section" languagecode="1033" />
          </labels>
        </option>
      </options>
    </optionset>
  </optionsets>
  <CustomControls />
  <EntityDataProviders />
  <Languages>
    <Language>1033</Language>
  </Languages>
</ImportExportXml>